,리뷰
14,냉열무국수를 열무비빔국수로 가져왔네요
23,양은 무척 많네요.... 근데 너무 짜요. 냉면 육수도 짜고 고기도 짜서 같이 먹을수가 없어요~ 그래서 육쌈은 포기했습니다. 되려 밥이랑 찌개시켜서 먹음 괜찮을듯도 해요. 음식은 간만 빼면 깔끔했습니다
42,솔직히 맛은 없어요... 리뷰좋아서 시켰는데 실망이예요 쭈삼시켰는데 쭈꾸미는 어딨는지 .... 김치찌개는 너무 텁텁하고 어느정도는 이해하겠는데 조미료맛이 너무 심하네요
50,주문이 잘못 들어갔나 보네요. 쭈꾸미 시켰는데 따로 연락도 없이 오징어가 왔어요. 다시 기다리기 귀찮아 그냥 먹는데 오징어가 쫄깃한 맛이 하나도 없어요 ㅠ
81,제가 잘 좀 해달라고 남겼는데 전 매끼를 먹어도 밥한공기 다 못먹는데.. 다들 부족해가지고 하.. 맛은 솔직히 괜찮은데 양이 너무 적네요 전 고기도 다 반 잘라서 먹는데ㅎ 실망스럽네요 저번에 양은 괜찮았는데. 다음에 먹게된다면 잘 해서 보내주셨으면 하네요
87,내가 배달을많이시켜먹는편인데요 와세상에 아무리비가온다해도 2시간넘게 걸리는음식점은 살다가 첨보네요진짜 여기진짜비추입니다
112,그닥야미많진않지만얼으은많이줌ㆍ
135,양이 넘 적어요 가격에 비해..
136,가격대비갠찬아요.단음식싫어하시는분은시키지마세요.완전달달해요
139,한시간다되어가는데 안와요 전화도안받네요...
145,석쇠불고기 1키로 시켰는데 800g밖에 안오고 김치찌개는 너무 짜고 괜히 시켜먹은 것 같네요. 음식 양 가지고 장난치는 업소 진짜 별로라고 생각해요
149,ㅍㅌㅊㅍㅌㅊㅍㅌㅊ ㅍㅌㅊ
189,좀 고기가 비렸어요ㅠㅠ 맛있긴 했네요
193,"맛 나쁘지 않음 양도 나쁘지 않음 그런데 배달 최악 일단 50분 걸린다해놓고 20분 더 걸린데다가 배달온 사람은 문 여니까 폰만 보고 있고 음식을 안주길래 빤히 쳐다보니까 5초쯤뒤에야 ""아"" 그러더니 음식주고 쌩가버림 김치찌개랑 음식들은 다 식어있고. 식은 음식을 보냈을리는 없고... 배달하는 사이 식은거 같은데 도대체 뭘하면 김치찌개가 다 식을만큼 배달이 오래걸리지 ㅡㅡ 배달을 10군데쯤 몰아서 하나..."
195,김치찌개는좀다네요~
196,달필요가있나싶네여ㅎㅎㅎ
197,불고기가 메인요리인데...김치찌개가 더맛있었다눈...
202,맛은 좋은데 배달 시간이 넘 심하네요. 배고프기전에 배달시켜야될것같습니다.
224,맛은있네요 배달이느리구요
230,저도 주문한지 1시20분 지났습니다 50분걸린다고 문자 왔는데 업체 전화도 안받으시고 음식이 오긴 하나요????? 전화를 받으셔야 취소를 하든 기다리든 할거 같은데요..
233,문제가 여러가지 있네요 우선 고추장을 시켰는데 간장이 왔구요 이벤트한다구 공지에 쓰여있어서 리뷰한다고 했는데 음료도 안주네요 낚시인건지 뭔지 양은 그럭저럭인데 맛은 영.... 특히 김치찌개는 완전 별로네요 그리고 김치찌개 새어나와서 포장 봉투 안이 몽땅 국물범벅이 되어있었습니다 정말 여러모로 불쾌했네요
239,김치랑쌈장은다섞여서엉망이고다른곳에돌아돌아오셨는지음식은다식었네요.다시는안시켜먹고싶네요
241,맛있어요ㅎㅎ 양도 많아요 둘이서 배불리먹고 조금 남았어요 근데 김치찌개용기가 다 찌그러져서 왔어요 그 리뷰쓴다하고 음료달라하면 주신다면서 안주시고.그거빼곤 만족합니다ㅎ
242,50분걸린다고했는데 ㅜㅜ1시간20분이지났네요 언제오나요
250,배달하시는분 참 친절하시네요 맛은 그냥그냥 좀 냄새가 나네요
257,배달소요시간딱맞춰오네요. .ㅡㅡ 다른건다괴안은데 반찬이좀부실한거같아요. .
272,양은 보통 /리뷰쓴다고하면 주시는 콜라있죠? 현장에서 현금으로 낸다고하면 콜라주시는거랑 중복으로는 안되나봐요 ! 참고하세요 전 콜라안먹는데 신랑이 좋아해서요ㅡ 리뷰쓰고 /현장 현금결제로 /일부로했는데 한개만 주시더라고요! ㅋㅋㅋ그냥 카드결제할껄 . 어차피뭐 콜라얼마하지도 않는거 그건 그렇구요  맛있게 잘먹었어요 반찬이라고할꺼는 뭐가 없어요 쌈장에 마늘고추 그리고 김치조금이 다예요! 참고하세요 불고기는 맛있어요 양은 다른집들과 비교했을때 ( 유명 불고기집들포함) 솔직히 많지않고 그냥 그냥그래요 ! 맛있음됐죠뭐
297,1시간 20분..?기다렸고 김치찌개랑 불고기 다 식어서 와서 아쉬웠습니다.
303,별루에요;;;계란찜도 전자렌지에 돌려오고 폭퍽하고 맛없음;;
304,석쇠맛도 별로 안나고 2-3인으로 시켰는데 양은 3인이 먹을 만큼은 아니었어요. 그것보다 담날 같이 먹은 사람과 복통이 생겼는데 혹시 여기서 먹은 거 때문인가싶어요;
315,맛은 괜찮아요 양이 좀 적네요 ㅠ
332,배달 45분 예정 -> 1시간 15분 걸림 고기 맛은 달달하고 나쁘지 않은듯 한데 고기가 다 식어서 왔어요ㅡㅡ 다시 데워 먹어야 겠네요. 김치찌개는 새콤함이 느껴지고 싱거운 느낌
334,맛있어요.. 가격대비 양은 적어요
347,맛은 전반적으로 좋았구 상추가 생각보다 꽤 와서 좋았구 2인분치구 양도 많고 맛도 좋았어요. 배달이 좀 오래 걸렸네요ㅠ 55분정도?
358,맛은있는데 배달2시간걸리고.. 상추는 물먹어서 시들시들.. 상추끝부분 자르고 먹었어요. 배달이랑 야채관리에만 좀 신경쓰면 자주시켜먹을 의향있는데 아쉽네요.
375,밥과 고기가 뻑뻑했어요 반찬으로 온 무 색깔이 오래 되어 보여 먹지않았어요
376,쏘쏘입니다 나쁘진않은듯
383,자주시켜먹었었는ㄷㅔ고기에 비계가없어서그런지 너무바짝바짝타있었어요..뻑뻑해서 다버렸는데 이제안시킬까봐요 ㅠㅜ
395,석쇠1~2인분시켰는데 밥이 딱딱하고 오래된밥이왔어요. 다시 전화해서 밥새로가져다달라고 주문하니 20분이걸렸네요. 배달하는 아저씨가 밥을 받아서 온게 9분전이라고 ;; 음식은 다 식어버리고 짜증나서 다 버렸네요
401,맛과 양은 괜찮은데 아주 김치찌개 범벅이네요
408,돼지냄새좀 났어요. 그 외에는 무난무난
413,리뷰가괜찮아서 남자친구 시켜줬는데 맛은그닥인거같더라구요
421,하....공기밥 하나추가했는데 하나만 왔네요 ㅡㅡ 장난하세요??
428,거의 수분이 없는 고기같네요. 1시간 기다려서 먹을건 아닌듯..
450,고기양념 너무짜고 석쇠 불맛이 없음
461,엉망진창입니다. 2시간 걸려 음식을 배달해놓고도 태연하게 제대로 된 사과 한마디 없는 배달원과 주인의 태고에 기겁했네요. 냉장고에 넣어둔것 같은 차가운 고기를 2만원이나 주고 먹었습니다. 정말 최악입니다.
467,배달 느린거 빼곤 괜찮아요
474,돼지냄새가 심하게나네요..
477,먹을만해요 김치찌게 국물이좀 적어요 고기비계많음 그래도 나쁘지않음
506,피자샵정말자주시켜먹는데 이번엔 다흘러내려서 집고먹을수가없어서 말아서먹었습니다 실망이에요
512,45분 대기였는데 그 이후로도 20분은 더 기다렸어요 주문하고 먹기까지 1시간 반은 걸린것같아요 전화해보니 배달할때 다른 곳 들렸다가 오신다고 하더라구요.. 바쁜건 이해하지만 ㅠㅠ.... 피자는 맛있었지만 배달이 늦어서 피자가 식었었고 너무 오래 기다려서 다음부턴 여기서 안먹을 것 같아요 M사이즈 크기도 작고 음료도 따로 사야해요
513,50분 소요 된다고 했는데 1시간넘어서 왔어요 음식도다식고 짜고 예전보다 더 짜요
567,구매평이 좋아서 시켜봤는데.. 이건뭥죠 50분 걸린다고 맛나게 먹을생각에 기대하고 기다리고 있었는데 1시간40분넘도록 안와서 매장에 전화했더니 직원이 누락시킨거 같다고 하네요 처음 주문했는데..너무나도 실망스럽네요 ㅠ
568,짜요짜요 ㅠㅠㅠㅠㅠㅠㅠ
577,단골집인데 배달이 80분걸린다고 해서 그러려니 기다렸는데 2시간이 다 되서 왔네요. 늦어지면 미리 전화해서 양해를 구했으면 좋았을텐데... 1시간반이 지나서 전화를 몇번 했는데 안받더니 요기요번호로는 전화가 불통되고.. 본번호로 전화하니 그제서야 받아서 이러쿵저러쿵.. 서비스만족도 최악이네요.. 단골이었는데 또 시켜먹게될지 모르겠네요...
581,피자가오는데 콜라도안주는집처음봐여 맛도더신경쓰셔야할듯해요 .
587,정말 맛있었습니다 양도 훌륭하고 감자도 많이 들어있네요 고로 1점 박고갑니다^^
595,너무 늦게왔어요..ㅠ
609,맛있었어요~~~~~~~~~~~~~
611,지점이 멀어서 그럴 수 있지만 배달속도만 빼면 굳굳!!
635,매번 주문할 때마다 만족했었는데 이번에는 굉장히 아쉽네요... 사진에서 알 수 있듯 올리브 피망 양파 등등 재료가 많이 누락되었네요.. 불금에 행복한 야식을 기대했는데 기분까지 망쳐버렸네요.. 재료가 부족했으면 연락이라도 주셨으면 메뉴 변경이라도 했을텐데 한두번 주문한것도 아니었는데 매우 섭섭하네요.
664,배달느린데맛은있어요 특히소스
671,?????????????????
674,1시간30분째기다리는중
675,굿굿굿굿 좋네요 ㅎㅎ
680,맛있어요ㅋㅋㅋㅋ 불고기 피자는 그냥 저냥 다른건 맛나요 ㅌㅋ
689,배달만 좀 빨라졌으면 좋겠어요ㅠㅠ
693,배달 느린것만 빼면 진짜 짱이에요ㅠㅜㅜ
698,치즈가류는 오지도 않고 피자는 식어빠지고 스파게피는 말라서옴
699,배달은 문자로 온것보다 20분이나 더 걸렸구요 맛도 그냥 그저그래요 이정도 피자집은 요새 많은 것 같아요 배달시키실분들 시간주의하세요
714,배달은 빨랐는데 고구마 무스 때문에 눅눅해지고 다 들러 붙어서 도우만 먹은거같네요 ㅠㅠㅠㅠ 그래도 맛은 good!
723,예전에 너무 맛있었는데 여기 사장님이 바뀌셨나 오랜만에 시켜먹었는데 너무 많이 달라졌네요 피자는 기름잔뜩있고 피자를 너무 크게 만드신건지 박스에 꽉붙어서 다 늘러붙고 맛도 예전같지 않네요
758,피자전문점인데 맛은 그렇지 않음. 가격은 착해서 좋은데 그 맛에 먹는 느낌. 피클이랑 디핑소스같은 것만 차별화될뿐. 피자에 들어가는 토핑 괴랄함. 항상 재주문하지 말아야지 생각하는데 싼 맛에 가끔 시키는 정도? 배달하시는 분은 친절한데 전화 받는 사람(주인장이겠지만) 건성으로 받고 불친절함. 다른 피자집 먹는걸 추천
812,주소 제대로 썼는데 저희집 말고 다른데로 가져가셔서 전화로 다시 말씀드리고 그 사이에 피자 다 식어서 맛이 없었습니다 포크도 안가져다주시고 치즈가루 추가했는데 핫소스만 두개 주셨어요 다음부터는 안먹게요 장사 잘하세요
815,콜라안가져와서ㅠ 다시가지러 가심 고구마피자에 머스타드를 너무 뿌려서 고구맛하나도 안나고 역한맛남 소스너무짜요
821,ㅎㅎㅎㅎㅎㅎㅎㅎㅎㅎㅎㅎㅎㅎㅎㅎㅎㅎㅎ
835,배달 좀 신경 써 주세요
846,불고기보단 통마늘불고기가 더 맛있는것같아요ㅠ
850,다른 사람이 시켰다가 취소한걸 가져온건지 배달을 하다 다른데에 들렀다 온건지 피자는 다 식어서 딱딱하고 도우에 물기까지 있었습니다. 그리고 주문한 콜라는 안 가져 왔다고 나중에 따로 사두 주시고.. 자주 시켜 먹었는데 이번것은 정말 반품파고 싶을 정도로 최악이었습니다. 아이가 배고프다고 해서 그냥 먹었지만 이런식으로 배달하시는건 아니라고 생각합니다.
853,맛있었다 약간 뻑뻑함이 없잖아 있었지만
860,맛있게 잘먹었습니다
861,맛있어서 맨날 시켜먹는데 배달도 너무 오래걸리고 피자에 기름이 넘쳐흘렀어요.. 원래 안그랬는데..많이 바쁘신가바여
863,진짜 배달이문젠지 포장이문젠지 피자쏠려오는건 첨봄 토핑이 쏠린상태로 모양잡혀서 포장박스에붙어있고 먹을때 피자들면 토핑만빠져서 피자도우만 들리고... 숟가락으로 퍼서 피자에올려먹는데 존맛.. 배가고파서그런지는몰라도 욕하다 입닫고다먹음.. 아빠두조각드시고 제가남은거다먹었는데 피자양이적은건가요 제가많이먹는건가요 평균인가 모르겠넹 담에 이쁘게만해서보내주세요 온전한상태로먹었으면 개존맛이었을듯
873,ㅂㅔ이컨체다치즈를 시켯는데.. 콤비가와서ㅠㅠㅠㅠ 그래도 맛있었습니당ㅠ
889,피자샵 두번째인데 크기와 양은 훌륭합니다 단 배달이 1시간 걸렸어요! 맛있게 먹어서 나름 만족!
916,안타까운 마음에 글을 남깁니다. 저는 대략 일년반?정도 마스터피자를 먹던 손님입니다. 많으면 한달에 5번에서 적으면 2번정도 먹었는데 처음 너무 저렴한가격에 너무 맛있어서 놀랬습니다. 주변 지인들에게 다 추천하고 다닐 정도였습니다. 최근 3번동안 마스터피자 주방장이 바뀌었나 싶을 정도입니다. 치즈의 양은 눈에띄게 적어지고 안쪽에 토마토소스가 너무 많아 흘러내릴정도인데 포테이토 피자가 토마토피자같은 느낌입니다 3번 참고 오늘 마지막으로 딱 먹고 실망스러워 리뷰남깁니다. 제발 처음으로 돌아오시길...안타깝습니다
923,파마산 핫소스 하나도 안줘놓고 직원이 바쁘다고 그냥 먹으라고 하심 당황스럽군 저번부터 말 했는데 이젠 안시키는걸로
931,엄청맛있진않고 식으면 치즈가 좀 딱딱해져요
933,금액이 싼만큼 이유가 있더라구요 ㅠㅠ
946,엄청. 맛있어요......
984,흑...라지가 양이 이렇게 적었나요ㅠㅠ 두번 나눠 먹으렸는데 혼자 한판을 한끼에 다먹었네요.. 다른집 미디움이랑 크기 비슷한거 같아요ㅠㅠㅠㅠ 이전에 몇번 시킬땐 그런 느낌 많이 못받았는데 다른데 몇번 시키다 생각나서 시켰더니 작아진건지 원래 작았는지ㅠㅠ
991,작년에 한번 시킨적이있어서 시켰는데 배달은 주문후 1시간넘게걸리고 피자는 열었다가 콤비네이션시켰는데 치즈피자로 잘못온줄알고 주문 다시확인했네요. 토핑이많이없네요. 다시는 안시킬것같습니다.
993,정말 배달분 너무 몰상식하네요.. 12시 다되가서 배달받게 되는거라 소리치지말고 전화달라 분명 메모도 남겨놨는데 주택가에서 고래고래 소리치며 오네요; 결국에 옆집 주인집 할머니 잠깨서 나오시고 죄송하다 제가 다 굽신거리고.. 메모 안남겨놨더라도 자정다되가서 주택가에서 소리치면서 오는게 상식적으로 말이되는건가 싶네요 화가나서 배달분께도 말하고 사장님께도 말했는데 대충 죄송하다고만 하고... 돈주고 사먹는건데 기본적인 매너만좀 갖춰줘야하는거 아닌가요..
1009,맛있었ㅇ어요 흠잡을때가없네요
1049,핫윙은 정말 맛있었어요!
1087,배송은 느린 편이었고 맛은 괜찮았어요. 그런데 양이 많이 적었단 생각들어요.
1120,맛은 있지만... 파스타 시켰는데 포크를 안가꼬오면... 장소가 장소인지라ㅠ 어쨋든 뿔어서 먹었는데 맛은있어서 다행
1168,정말 제가 고구마피자를 되게 좋아하는데 앞으로 고구마피자먹을때는 여기서 시켜야겠어요 ㅋㅋㅋ 너무 맛있네요?
1206,배달이 한시간째 안왓는데 무슨리뷰를남겨
1217,가격이저렴해서 그런지 맛이좀 떨어지는 ㅡㅡ
1225,피자에선 곰팡이맛나고 치킨에서 오래된닭맛이라해야되나 이상한맛나고 재료관리 신경좀 쓰셔야겠네요 너무실망입니다
1228,오랜만에 먹으미 맛있네요
1232,주말에 고생하시는건 알겟는데 치킨은 너무 기름진게 해놓은지 오래된거같고 피자는 다 식어서왔네요 부모님이랑 오랜만에 시켜먹엇는데 먹으면서 어찌나 죄송하던지;;
1262,소스 추가 주문했더니 다 터져서 배달되고 피자는 그냥 빵에 치즈 올린가네요 치즈와 빵사이에 소스가 없는건 실수인지 레시피가 원래 그런지 알길이 없네요 ㅋㅋㅋ 에효
1283,저번에 시켰을때는 맛있고 배달도 빠르고 좋았는데 이번에는 간장치킨시켰는데...뼈밖에없고 진심 돈이아까웠음...너무아쉽네요...꼭먹다남은거 먹는기분이랄까..ㅜ먹다별로여서 두조각먹고 안먹음..사진을 안찍어놔서 아쉽네요ㅜ
1337,가격이 올랐으면 표시를 해야지 2만원대면 2천원 더내고 다른데서 시켜먹지 뭐하러 여기시켜서 먹냐
1387,주문한거랑 다른게 왔네요...
1527,맛있지만 양이 적은
1533,양도 예상했던거보다 작았고 치즈토핑까지 더했음에도 치즈양 정말 실망스러웠음.. 다음부턴 기본은 되는 브랜드피자 주문하리라 다짐 ! 그흔한 조그마한 사이즈 콜라도 없음
1584,ㄷㅇㄷㅅㆍ볻ㅅㆍㄷㅂ
1602,이 한겨울에 다 식은 피자가 왔네요. 내돈주고 피자 시켜먹는일이 거의 없는데 갑자기 너무 먹고싶어서져 시켰는데 실망이네요. 피자는 치즈때문에 먹는다해도 과언이 아닌데 다먹고 남은 피자 먹은 기분이네요..배고파서 그냥 먹었지만 다시 시킬지는 피클때문에 고민할듯하네요. 피클은 먹을만합니다.
1604,맛있게 잘 먹었습니다
1615,그럭저럭.먹을정도이네요
1620,맛있어요. 건강하게 소화가 잘돼요. 근데 배달요청에 남긴 글좀 보세요
1628,가격대비 쏘쏘 토핑이 좀더 많음 좋겠네요
1634,여기 맛있다고하는애들 진짜냐? 솔직히 그닥인데 냉정하게 평가하자 시켜먹는애들 한번더 고민하고 시켜먹어라 진짜
1640,피자 맛은 괜찮은데 이렇게 구겨져 왔어요. 피클 통은 개저서 소스랑 콜라병 밑에 젖였어요.. 기분 나빠서 무늬 합니다.
1656,치즈가 덜 짜고 덜 느끼한 점이 장점이라고 생각합니다. 받는데 1시간 걸렸는데 피자가 좀 식어 있었습니다. 명절 연휴기간이라 그랬던건지 잘은 모르겠지만 좀 실망이네요.
1668,배달 다른곳은 다 집까지 잘해주는데 여기만못들어오는게 이상
1691,오늘은 배달이 늦게와서 맛이별로네요
1733,씬피자로 시켰는데 너무 식은피자가 왔네요..만든지 1시간은 된것 같은..
1752,다 식어서 옴. 피클은 샜고. 딴 것도 아니고 피자가 식어서 온다는 건 용서가 안됨
1753,굿 추천 스파게티양많음
1754,날씨가 추워서 인지 식은피자였어요 ㅠㅠ 그래도 담백하고 맛있는피자였구요 다음날 데워먹으니 더 맛있었어요 샐러드 신선했고 파스타도 무난했어요
1838,배달도 늦고 맛이 정말 너무 최악이였어요 늦어서 치킨이 식은건지 모르겠지만 아무리 춥다지만 완전 다 식어서왔어요 치킨 튀김은 다 불어서 바삭함은 전혀없고 감자튀김은 퍼석하다 못해 먹지 못할지경이네요 워낙 배고픈데다 늦기까지해서 꾸역꾸역 먹었는데 세네조각 먹고 배 조금 차니깐 짜증이 확밀려오면서 도무지 못먹겠네요.. 자주 시켜먹었는데 정말 너무 실망스럽습니다 돈 갖다 버린기분이네요ㅡㅡ
1844,살은 촉촉하나 튀김이 누누해요
1848,항상 배달하시는분들 빨리빨리 배달하셔야하는것 같아서 오토바이 소리 나면 대충 눈치로 나가서 받는데.. 이번에도 소리나서 나갔더니 크락션을 울려대서 다른집도 나왔더라구요? 그분한테 주시길래 제께 아닌갑다하고 들어갔는데 잘못배달한건지 일분쯤있다 배달왔습니다하고 소리를 질러대면서 오는데 생각이있으신건지 진짜.. 배달하는분들은 그냥 웃으면서 헤헤하고 가면 그만일지 몰라도 저같은 세입자는 집주인 눈치를 봐야해요;; 그냥 와서 전화하면 되는걸 왜 그러시는건지 정말 이해를 못하겠네요..ㅋㅋㅋ 덕분에 기분좋게 주문하고 정말 기분더러워졌네요
1849,왜 늦은밤에 배달을 시켰는데 배달분은 주택가에서 소리를 고래고래 지르면서 오는걸까요;; 옆집에 집주인 할머니 사셔서 10시쯤 되면 주무시는데 11시에 배달와서 문두드리면서 소리질러서 저번에도 할머니 깨셔서 나오셨는데 이번에도 소리를 고래고래 지르시네요.. 이러면 어떻게 주문을 또 하나요? 보니깐 배달대행인것 같던데 배달대행 업체에도 기본적인 예의는 지켜달라고 말하셔야하지 않나요? 부탁드리려고 매장 전화해서 좋게 말 알바분은 웃으면서 네~그러셨어요 하시는데.. 화나라고 그러는건지 참 기분이 안좋네요;;
1878,1시간 넘게 걸리고 배송 잘못왔다갔어여
1907,배달은 느리고 맛은 무난하고 양은 적당히많았어여
1933,리뷰 같은거 한 번도 남겨본 적이 없는데 이건 꼭 남겨야겠습니다 한 2달 전에 여기서 카레순살을 먹었는데 꽤 괜찮아서 그저께 양념순살과 마늘순살을 시켰습니다만 일단 튀김옷이 너무 눅눅하고 두껍고 치킨을 먹는데 지방인지 껍질인지 물컹하게 자꾸 느낌이 나서 다 뱉으며 그래도 꾸역꾸역 먹는데 치킨 살마저 뭔가 딱딱한 느낌이고 색깔도 어둡고 잡내까지 나서 도저히 먹지 못하고 거의 다 버렸습니다 거기까지는 그렇다 치고 좀 달라졌나보다 다음엔 안시켜야지 했는데 다음날 새벽 6시에 토를 하고 하루종일 배아프고 메스꺼워서 아무것도 못먹었구요 누
1934,양은 많은 편이구요. 맛은 쏘쏘입니다. 양념은 매운양념 맛이 따로 있어서 그런지 전혀 안맵습니다. 마늘 맛은 처음 먹어봤는데 실망했어요ㅠ_ㅠ 왜인지 모르게 말린 바나나맛 같은게 나고 전체적으로 둘다 느끼한 맛이 심했어요. 고기부분도 전체적으로 비계? 같은 부분이 많은것처런 느껴졌구요. 파에는 따로 소스가 없어서 파는 먹다 남겼어요. 다른 파닭 시키면 소스도 같이 주는곳이 많은데 소스도 같이 주시면 훨씬 더 좋을것같습니다. 배달은 초기안내45분  실제로도 비슷하게 걸린것 같습니다.
1943,배달예상시간55분보다 15분가량 늦고 치즈토핑추가한건 다 돌처럼 굳어있고 치킨은 식어있고 감자튀김은 포장종이가 기름에 떡져서 다찢어지고 감자튀김은 눅눅해서 먹을수가 없었네여. 치킨은 데워서 먹긴했는데 맛은있지만 좀 따뜻하고 치즈도 녹아있을때 먹었으면 정말괜찮았을꺼같은데 리뷰보고 시켰는데 기대도큰만큼 실망도 정말컸습니다. 배달원이 길을 못찾아서 늦은거일수 있겠지만 배달원에게 길을 못찾고 이러이러해서 늦어서 식었을수있다 라고 사과라도 받았으면 화가 나지 않았을텐데...아무튼 음식먹는 내내 내돈내고 먹는 음식이라 그런지 엄청 불쾌했어요
1945,ㆍ
1965,저번에 감자튀김이 아래 있어서 먹기 좀 그랬는데 이번에 올려달라고 하니까 올려주셔서 넘 좋았어요 ㅎㅎㅎ 근데 가격이 갑자기 천원이 올랐네요ㅠㅠㅠㅠ 흑...ㅠ 배달이 40분걸린다구했는데 1시간이 넘어서 와서 좀 아쉬웠습니당 ㅠㅜ
1969,왠만하면 맛있든없든 걍먹는대 치킨 너무 물컹물컹하고 너무 느끼해서 같이온 파랑 무다먹어도 느끼해서 속이 거북해져서 다토함 그리고 감자도 시켯는대 감자도 그냥 일반 냉동감자 다발로와서 이걸 먹으라고준건지 버리라고준건지도 모르겠음 이런치킨 내인생에 치킨먹고 토한적 처음임
1980,파채는 냄새나고 치킨은 눅졌네요 양은 많고 배달은 빠릅니다
1995,튀김 옷이 너무 두꺼워서 다시 먹을 생각은 없네요
2008,오늘은 배달이 한시간 반이나 걸렷네요 ㅠㅠ
2032,그냥그랬음 리뷰가많아서기대했는데 튀김도두껍구 보통이었습니다
2037,핫양념시켰지만 양념이 왔어요
2053,배달 오는 속도도 빠르고 양도 괜찮은데 맛이 별로에요. 순살 치킨 크기가 한입에 먹기 좋은 크기로 알고 있었는데 여기는 두 입도 모자랄 크기의 치킨도 있고 치즈 토핑은 딱딱하게 굳어서 오고 매운양념맛이 달기만 하고.. 별로에요
2068,배달 빠르고 양이 많아서 좋긴했습니다 하지만 치킨이 배달속도에 비해서 너무 눅눅했고 덜 익은거 같았습니다 주말이라 이해하지만 너무 별로였습니다
2088,리뷰보고 주문했는데 기대가 컸나봐여. 우선 맛은 보통.. 단지 좀 달다는거? 그래도 맛나게 잘 먹었어얘
2096,콜라가 안왔습니다
2107,..........
2141,배달만 좋았어요 양은 많다고 해서 사켰는데 그닥~
2147,배달 넘 느렸고 치킨두 바삭하지않아서 제스타일은 아니었어요 근데 치킨은 크고 양도 많긴했어요~
2158,새벽시간에 너무 큰소리로 부르지 말아주세요 이웃집에서 시끄럽대요
2167,기대가 커서 그런지 저는 생각보다 별로였어요 튀김옷이 너무 두꺼워서 그런지 양념이 잘 베이지않는거 같네요
2195,배달은 한시간 넘게 걸렸는데 가격대비 양도 많고 맛있었어요~
2209,배달이 안왔는데... 주문완료가 되어있네요... 1시간 30분 지났습니다..
2227,양념은 먹겠는데 후라이드에서 탄맛이...
2236,매운맛시켰는데..전혀안맵넹.ㅠ
2237,역시 빠다 양념소스추가가 최고의 조합인듯...
2268,배달은 1시간20분만에 도착했구요 식구들 다 자고 있어서 문옆 신발장 위에 올려두고 가시라고 메모 남겼더니 문 두드리고 배달이요~ 배달이요~ 크게 말씀하시면;;; 영수증도 안보시고 배달 하시나요.. 주소 확인할때 보이실텐데..
2277,진짜 맛있어요 진짜..... 근데 양이 좀 적어보여요 두명이서 다먹었어용
2286,한시간 반 넘었는데 안오네요... 아무리 주말이지만 너무한데요. 다신 못시켜먹겠네요
2294,양이 너무적어요....
2305,이거 뭐 어떻게 먹으라고 3가지 치킨을 이따구로 짬뽕시켜놓고 ㅡㅡ 배달도 불친절하고 저번에 이쁘게 맛잇게 해주시더만 짜증 ㅡㅡ 다신안시킴
2309,비오는 날 휴일에 배달이라 1시간40분이나 걸린건 그럴 수 있어요. 양도 많고 맛있다는 후기가 너무 좋아서 매번 주문해먹던 홍닭에서 안시키고 기대하며 주문했는데 배달은 1시간 40분 양은 사진처럼 한입 조각으로 8~9개씩 있네요. 20900원짜리 치킨을 시켰는데 이건 해도해도 너무한거 아닌가요??! 저 작은 한박스당 7000원짜리라는건데... 이걸 20900원이나 받고 파시다니 진짜 어이가 없습니다!!!
2325,배달대행 문 부수는줄 알았어요 노크에서 신경질적인 느낌 받아보셨나요? 문여니까 박스내밀면서 눈싸움하자는줄 알았습니다 첫인상이 이래버리니 맛도 양도 그렇게 만족스럽게 와닿질않네요
2332,양은 드럽게적음 진짜 살다살다 이렇게적고 누가먹다남은거 배달한거같음 배달도 1시간반기다렷건만 맛도 그냥그렇고 그냥 최악 장사의기준이 맛으로보는게아니라 단지 이름과 디자인으로만 승부보는 느낌 프렌차이즈 치킨집따라갈라면 100년은 걸릴듯
2338,리뷰 보고 기대하면서 시켰는데 주황색 닭지방이 너무 많아요...다 갈라보면서 지방 떼고 먹어야 했을 정도로 거의 모든 조각마다 반은 지방이었어요 처음 먹어본 건데 너무 실망스럽고 다신 안 시킬 것 같아요 비 오는데 배달 오신 분만 공연히 고생하셨네요
2340,어제도 오늘도 시키네요 오늘은 배달 양호하게 왔네요 감사합니다
2343,또 시켜 먹었네요~ 정말 맛있는거 같아요 아이들도 와이프도 너무너무 좋아해요~ 프렌차이즈 치킨집들 솔직히 가격대비 별로라고 생각하는데 여기는 시켜먹을수록 실망 시키지를 않네요 단지 배달하실때 조심히 가져다 주셨으면 좋겠어요 다 엎어지고 쏠려있고 그래요 부탁드릴께요~
2345,세트로는 처음먹는데 세가지 맛이라 좋았어요.양은 반반시킬때랑 비슷한데 세곳으로 나눠담아서 그런지 적어보이는거지 양이 줄지는 않은것 같아요. ** 선결제후 이벤트 참가했는데 소스 안와서 전화해서 받았어요. 토마토 소스로 왔는데 소스맛있네요 번거롭게 전화해서 받은거라 별은 뺐어요.
2353,성인 2명이서 먹고서도 반정도 나았네요 근데 닭에서 비린내가 나요...
2365,이미지보단 양이 적어서 아쉬웠지만 맛은 좀 독특하네요~
2367,기대를 너무 많이해서 실망도 컷네요ㅠ 리뷰사진과 다르게 배달되어 실망...바삭하다고 했는뎅 저는 눅눅해서 더 실망ㅠㅜ 맛은 괸찮았습니다.
2370,리뷰보고 시켜봤는데..기대이하.. 맛이 넘 강하고 튀김이 두껍딱딱한 느낌..
2379,치킨이 식어서 왔지만 나름 맛과 양은 만족해요
2408,역시나 단골등극입니다 맛있게 잘 먹었습니다 그런데 배달이... 오자마자 상태보고 정말 막말나오는거 와이프가 말려서 겨우 참았습니다 다음부터는 조심해 주셨으면 합니다 소스가 다 엎질러져서 왔습니다
2411,다시는 안먹을려고요. 한시간이면 온다더니 두시간이 지나도 안와서 전화해보니 무슨 배달대행업체 핑계만되고 사과한번 하는게 그렇게 어려운지 따지기 전까지 오히려 자기들 잘못아니라는 태도가 영 별로네요.
2415,절대 비싼 값 하지 않습니다
2419,배달한시간넘게걸렸지만 배달원센스있게파리에서오느라늦었다하고 ㅋ 금욜이라바쁜걸감안합니다 애들하고 아주맛있게먹었어요
2422,닭비린냄새가 마니 나요ㅠ
2425,설마펩시는 아니겠지했는데 펩시에서 마이너스 치킨 눅눅하고 식어서 옴 마이너스 바쁜시간대라 이해해도 마이너스 치킨무는 맛있고 편리하게온부분 굿 제발 맛만있어라 리뷰 간지나게 갈길거다 마음먹었는데 아쉬운부분
2430,1 완전 다타서 옴. 2. 새로 보내주심 감사 3. 같이드시는 분들한테 욕먹는중. 심지어 닭다리가 맛이 없을수가 있냐고함. 4. 감자는 맛있다고 함 5. 모두들 살면서 이렇게 맛없는 닭은 처음이라고... 6. 야구장 앞에서 파는 저질닭같음.
2435,맛남 맛남 괜춘합니다 순살없대서 못먹었지만
2436,요즘 흔한 브랜드의 치킨들과는 다른 맛이 확실히 있는거 같습니다. 처음 먹어보는것에 두려움을 확 깨버린 맛있는 치킨이였습니다.^^ 앞으로 자주 시켜먹을거 같네요~~ 로제/일반 양념 맛있어요~~ 강추!!!! 아!! 배달 속도는 아쉽습니다.ㅠㅠ 치킨이 눅눅해져서 온거 같은??? 느낌은 있었네요..
2443,간장맛 솔직한 후기입니다. 진짜 대박 맛있었습니다!!!! 3가지맛 소스에 찍어 드시는것도 강력추천!!! 여자친구와 너무 감탄을 하면서 맛있게 아주아주 잘 먹었습니다. 꼭!!! 소스와 함께 드시는거 추천추천!!! 사장님 정말 맛있게 먹었어요~~^^ 글 쓰면서도 맛이 생각 나네요~~
2463,엄청 느끼해요 배달도 너무 느리고ㅠㅠ 식히고 먹으니까 그래도 그나마 먹을만했어요
2510,배달때매 먹기도싫어짐
2519,시킨지 정확하게 1시간40분만에 온 배달 그래도 신경이라도 써주셨으면 덜했을텐데 호일에 일부러 구멍내신건가요?? 무슨 국물이 다새서 이것저것 할거없이 양념이 다묻어서 왔네요 덕분에 배고픈데 일일이 세척해서 먹네요 ㅋㅋㅋ
2521,맛있고 배달도 빠르고 좋아요
2533,아니 배달시킨지가 언젠데 안오는지 한시간 반넘었어여 ㅡㅡ
2534,오다리튀김이 3천원 어이가 없네요 이건정말 아닌것 같은데 여긴 별점주는것도 아깝네요 한주먹 양 정말 이런식으로 장사해도 될까요
2542,크리스피치킨인데 너무 눅눅하고 얇아서 옛날치킨으로 주문 잘못들어간줄알았어요 배달도 너무 느리고 다 눅눅하고 정말 화가 납니다.이런 치킨을 1시간 20분 기다렸어요..
2547,맛없음. 후라이드치킨 배달시켰는데 치킨이 눅눅하고 쓴맛같은게 느껴졌음. 돈이 아까워서 반 먹다가 나머지는 죄다버림.. 같이먹은 신랑도 맛없다고했음
2555,다좋아요 언제먹어도맛있어요
2563,비도 안오는데 왜 비닐과 박스 다 젖어서 왔을까요?? 닭강정이 별로여서 다른메뉴를 시켜봤는데 역시나 튀김옷만 가득하네요
2564,그저그런쏘쏘맛입니다
2569,마니 느끼하네요 ㅡㅡ
2581,너무 느끼해요 기름도 오랜된거같아요 ㅡㅡ
2606,오늧 닭 상태가 별로네요. 멍도 많고 ㅠ
2607,오늘은 너무 눅눅해서 실망이네요...
2613,맛없어요.. 튀김이 눅눅하고 오래된맛이에요
2619,예전에는 맛있게 먹었던걸로 기억하는데;; 튀김옷 왤케 얇아졌고 닭도 되게 작은 걸 쓰시나요...?
2647,양이 너무적네요... 순살인줄 알았으면 안시켰을텐데 순살이라고 표기되있으면 좋았을거같네요 맛은있는데 양이 너무적어서 아쉽습니다
2648,65분걸린다더니..1시간30분이지나도오질안네요..요기요로시키면유난히늦는거같네요..다시는시키는일없을듯요
2652,예전에 시킨후 오랜만에 시켰는데 배송은 좋았습니다. 감튀와 돈가스는 보통이었습니다. 그러나 오튀는 작은 쪼가리들이었고 통닭도 기름이 많았습니다. 샐러드는 양배추 풋내가 심했고 드레싱은 아주 많았지만 아주 짰어요...
2692,종종 시켜먹었었는데 오늘 정말 이상하네요 기름에 절었다고 해야하나... 배달도 늦었지만 그것때문인건지 눅눅하고 기름에 쩔은 맛이 나요 전에는 바삭하고 맛있었는데 왜 이러나요...ㅠㅠ
2713,바삭하고 얇은 튀김옷을 좋아해서 종종 시켜먹었는데 오늘시킨 후라이드는 아주 별로였어요 튀김과 닭사이 지방같은 기름이 뭉쳐있어 느끼했고 눅눅 튀김만 뭉쳐있기도하고 실망했어요 또 먹고싶단생각이 안드네요 감튀도 눅눅 완전별로 별하나도아까워요
2715,예상보다 15분 지났는데 일단 더기다려 보겠습니다...
2717,사진을 잘안찍어서 치킨이 눅눅하고 튀김옷맛도 옛날치킨하고 거리가 멀었어요 다리두쪽먹구 다버림
2722,배달느려요 맛이랑양은 보통이요.
2728,파똥집은 일반적인 닭똥집과 완전 다릅니다. 애들이나 좋아할듯... 통닭은 맛은 일반적이나 양이 적네요.
2734,기름을 얼마나 오래된걸 쓴건지 튀김 감자칩 색깔이 누렇네 뒷맛도 안좋고
2737,맛은 그런대로 닭은 뭐 작음
2741,아니 끝날 시간 되나까 풀어지셨나 감자 다 설 익혀서 오고 칠리 소스2개 시켰는데 체다치즈 오고 어쩌자는 건지
2742,배달만 빠르면 굿임
2744,너무너무 맛있는데 배달이 느려영
2753,새벽한시에 주문했는데 많이 바쁘신가봐요 65분소요라니..
2760,배달이 너무아쉬웠어요 원래도 65분걸릴다햇는데 80분조금넘엇네요 ..
2762,배달은늦음. 맛은좋음
2766,그냥 옛스러운맛??
2768,통닭은 먹을만한데 오다리 튀김은 냄새도 좀나고 기름이 줄줄흐르네요
2779,배달 누락되서 두시간뒤에와서 너무 슬펐어요 심지어 그리 멀지않은곳에 시켰었는데 누락되다니...실망입니다ㅜ 양이 좀 적었어요 대부분의 사람들이 좋아할만한 부위만 주셨더라구여ㅋㅋ 그래도 맛은 괜찮았어요ㅎㅎ 오짱이 너무 양이 적은거 빼곤 앵간빠뚜루♡
2786,부담없이 맛있고 좋았는데 생각보다 양이 적네요
2802,ㅎㅎㅎㅎㅎㅎㅎㅎㅎㅎㅎㅎㅎㅎ
2818,양도적도 기름쩐내는 오지고 배달가격은 1000원 별도고 이건 뭐... 최악임
2820,배달이늦은거말곤괜춘
2821,제가 옛날감성이 아니어서그런지 뭔가 튀김옷이 시스루입은느낌이었음 ㅋㅋㅋㅋㅋㅋㅋ 맛은 있었구요 시스루를 입은 치킨이어서긍가... 양이 적어보였..
2823,음...제가 양이 적은편이라 부족하진않았는데 배고픈 성인분들 비추입니다~ 꼭 배고프지않아도 4조각이라 적은양입니다. 리뷰보니까 전체적으로 양이 많은 편은 아닌듯...그리고 배달금액 맞추려고 시킨 오징어튀김...^^ 사진찍어둘걸그랬네요 너무 양이 적어요. 요즘 3000원이면 다른곳도 이렇게주진않는데 첫주문에 기대를 많이했네요ㅋㅋ 좋은리뷰들만있어서^^* 그냥 맛도 다들 알고있는 옛날통닭맛입니다. 옛날통닭 드시고싶으신분들은 단품말고 콤보?세트로 되있는거 드시면될듯싶어요! 가격을 올리고 좀 더 괜찮은 양으로 판매하는것도 나쁘지않을것같네욥
2831,1시간기다림 넘늦어요 ....
2844,처음으로 리뷰 남겨보네요 65분 걸린다해놓고 95분 걸렸어요 오래 걸린것보다도 미리 전달해준 배달시간과 차이가 심한것에 더 기분이 상합니다 배달시간 오래 걸린다는점 참고하고 주문하시면 좋겠습니다
2854,11:50 분에 시키고 1:20 분에 받았어요. 다른집 문앞에다 놓고 가셨다는데 새로 해서 가져다 주신것도 아니고 차게식은거 그냥 가져다 주셨네요. 밖에 영하 10 도라는데... 배달 음식 시키고 이렇게 찬 음식은 첨 받아봐요.
2858,너무 늦게 배달옴 1시간 30분 걸렸어요
2860,배달이 너무느리네요 맛은 나쁘지안씁니다 오다리나 감자튀김은 생각보다실망이네요
2891,맛도 있고 양도 많음 배달은 조금 늦음
2905,처음 시켜먹었을 때 너무 맛있어서 두번정도 더 시켰는데 맛이 바꼈네요.. 닭강정 같지도 않고 기름많은 순살에 양념만 바른거같아요. 왜 맛이 바뀌거죠ㅠㅠ
2907,강정인데 흐물흐물거림 튀김옷이 녹아내리는중 먹으면서 기름덩어리도 몇번씩뱉어냄
2959,짠음식을 안좋아 하시는 분들께는 추천하는데 닭비린내도 조금 나고 뭔가 이도저도 아닌 맛...짜거나 달거나 맵거나 뭔가를 했으면 좋겠는데 짜지도 달지도 맵지도 않아서 맛이 없음..입안에 음식이 들어갔는데 맛이 안느껴짐
2960,맛은 그렇게 맛있는건 모르겠구 그냥 그럭저럭 먹을만은해요
2963,맛은 있는데 양이 적음 그돈으로 또 사먹을까? 할인되면 먹지 그돈으로는 음
2969,ㆍ
2976,솔직히그래요ㅈ그냥~~~~~
2977,배달이 너무늦네요 치킨튀기는데 매번 소요시간이 항상 60분이넘어감 이제다신안시켜먹을라고요 오늘은 80분걸리네요
2994,맛은 있으나 가격대가 좀 높아서 담에는 안먹을듯
3006,대체 언제 오나요 1시간 지났는데도 아직 안왔습니다
3007,배달이... 미리알린 65분보다늦게오고 다식어서 와서 감자튀김은 눅눅하고 치킨은 기름기가 조금씩 귿어있네요... 맛은 사이드메뉴라그런지 술안주정도? 치킨을 먹을거면 이거말고 다른게나을거같네요
3012,진짜 너무 느끼해서 먹다가 버릴정도 입니다... 다음부턴 안시켜먹을게여
3037,배달이 너무오래걸렸네요 60분 걸린다고했는데 90분이넘었네요 그래서인지 닭도마니식어서 그럭저럭먹었어요
3040,배달은 늦었지만 튀김옷도 얇고 바삭바삭 너무 맛있었어요~ ^^ 자주 주문할께요~
3056,맛있어요 !! 배달이 조금 늦엇어요
3060,처음시켜봤는데 미취학 아이들이 잘먹네요ㅎㅎ양념은양도 많아요.감자튀김도 넉넉히 넣어주셔서 좋았어요
3065,예정시간보다 50분 더 늦었네요
3079,맛은 쏘쏘한데 배달완전짜증나네요 현금결제라고했는데 잔돈도안가져오고 처음에 보쌈이라면서 우린치킨시킨건데..배달원완전해매고 다른집갔다오시고..정말배달대행업체신거같은데..제대로쓰세요
3091,옛날통닭은 예상과 달리 기름기가 많고 빙밍한 맛이며 닭 자체가 상당히 작네요.
3094,옛날통닭 맛있어요. 배달시간은 길었지만요
3096,옛날통닭이랑 여느치킨의 중간쯤 되는거 같다. 옛날치킨이라고 하기에는 다른 옛날통닭집에 비해 별로다. 한번 시켜먹었으면 충분한 정도의 맛이다.
3108,옛날통닭 정말 맛있습니다. 요즘 치킨은 여기서만 먹네요. 다만 양이 상당히 적으며 배달업체를 따로 써서 그런지 치킨이 항상 식어서 옵니다.
3154,치킨 맛있구 배달원 좀 ...예의가 없네 .
3175,치킨배달에 문제가있을지몰랐음
3195,배달도 느리고 안에 닭이 덜익어서 왔어요
3201,음료 빼고 와서는 둘러대는 배달은 좀 그렇네요
3209,맛있어요 생각보단 덜맵지만 편하게 먹기좋아요
3223,너무 기름지고 다른 집에 비해 넘 맛이 없어요.
3246,먹는 도중에 길다란 머리카락이 치킨에 같이 구워져 나왔네요 ㅠㅠ 이젠 두번다시 굽네치킨은 못먹을듯 토나올려고해요
3293,볼케이노? 어떻게 이리 퍽퍽하게 요리가 될까요? 박살 좋아하는 분 강추. 오마이갓 내돈
3307,양이 좀 적은 것 같은 느낌이고 괜찮긴 하지만 다음에 또 시키겠다는 생각은 들지 않습니다.
3315,양적음 맛좋음 육질신선
3320,소스가 넉넉하질 못해서 치밥하기가 힘들어요 ㅠㅠ
3326,병아리 구워 오시는건가요? 날개가 뭐 거의 손가락 반마디 정도 되네요. 참
3417,별루 안맵고 싱거웠어요
3474,평소에 자주 시켜먹어서 만족하고 있었는데 오늘따라 맛이 좀 쓰고 이상하네요... 다음에는 안이랬으면 좋겠어요
3480,남자둘이서 시켜서 먹었는데 두세조각 먹고 긴 머리카락이 나왔네요...양념에 파묻혀서.. 위생에 조금더 신경 써주시길 바랍니다ㅠㅠㅠ
3516,생각보다 양이 많지안지만 양념 맛있어서 괜찮아요.
3518,ㅗㅗㅗㆍ광고보고시켰는데 별로임ㅡㅡ안익은걸 갖다줌
3540,양념을 묻히다가 말았나봐요.
3544,일단 시간은 오래 걸려도 맛이 좋으면 그냥 넘어갈수 있는데 기름이 너무 오래된것같았어요 반반 시켰는데 냄새도 너무 심하고 깨끗하지 않는 기름을 써서 그런지 확실히 맛이 떨어지고 고기에서 기름냄새까지나고 배고팠음에도 불구하고 좀 먹다 다 버렸네요... 요즘 점점 BHC 실망이네요
3547,너무식어서 옴 맛이변했나?
3549,평소 귀찮아서 리뷰 안남기는데 너무 기분이 나빠서 리뷰 남깁니다. 주소 호수를 잘못 적어서 배달 기사님 착오 생길까봐 미리 정정 하려고 전화를 드린건데 받자마자 짜증섞인 말투로 다짜고짜 출발했다는 말만하고 제가 정중히 주소 호수 변경 말씀 드리니 “환장하겠네ㅡㅡ”라뇨..? 제가 무슨 취소를 했나요? 메뉴를 바꿨나요? 배달 왜 이렇게 안오냐고 무슨 재촉 전화라도 했나요? 미리 알려드리려 전화한건데 정말 어이가 없네요 맛은 둘째치고 서비스 때문에 다시는 이용하고 싶지 않는 지점이네요
3568,양념치킨소스가 맛이 좀 강한데 소스양도 많아서 닭들이 소스에 잠겼어요. 저에게는 너무 짜고 달고 했네요. 소스양을 줄이셨으면.
3569,솔직히 별로였어요 ..
3609,맛이 별루...
3627,후라이드 시켰느네 이상한 냄새나요.. 플라스틱 타는 냄새 기름좀 바꾸셔야 할듯 싶습니다 양 배달은 만족합니다
3712,가루가 너무 많이 들어가서 짜요 ㅠ
3721,맛있어요양은다른데에비해별루
3731,사악한 가격에 only퍽퍽살. 순살은 안시켜먹어야겠네요..
3734,배달이 너무 빨랐고 양이 많아요~ 하지만 뿌링클 맛은 제 입맛에 안 맞아요 ㅠ.ㅠ
3736,전부다 그냥 산 닭가습살너무 맛없어요.이런 순살 처음이요 대발 다 버렸어요
3759,닭이 여러번 튀겨졌는지 많이 질겨서 먹다뱉다했어요 ㅠㅠ 전엔 맛있게 먹었는데 실망이 크네요;;
3828,…………………………………
3832,낚임........
3833,맛있는데 양이적음 ㅠㅠㅠ
3859,기대이하맛입니다다다
3860,솔까말 맛이 왔다갔다 하네요.어떤날은 바삭 튀겨지고 어떤날은 흐느적거리고..
3875,제 입맛에는 좀 짜욥.. 양은 그런대로. .
3885,맛초킹을 좋아해서 자주먹는데 지점마다 맛차이가 심하네여 ㅠㅜㅠㅠ 찹쌀탕수육같은 그 튀김느낌을 좋아해서 찾아먹는데 바삭함이란 하나도없고 튀김인가싶을정도였어요
3889,맛있어요~ 항상 여기서 주문합니다. 배송직원분도 친절하셔서 좋네요
3904,맛초킹 양념이 덜됐어요 싱겁습니다 ...
3915,갈비오레인가? 이거 양 창렬이네요 이정도 양이 18000원이라니....맛은 괜찮은데 이정도 양이면 굽네 갈비천왕이 양도 더 많고 맛도 괜찮은 거 같네요.... 놀라서 인터넷 검색해보니 원래 양이 적은거라는데 다시는 안 먹을꺼 같아요
3997,제가 26년 살면서 먹어본 양념치킨중 제일 최악.
4016,맛있어요 다음에 또시켜먹을게요ㅎㅎ
4070,치킨은 다맛있지 비린내가 약간났어요 배달45분 걸린다했는데 1시간걸리고 심지어 걸어서 1분거리임
4121,그냥 중곡점이 훨씬낫네요
4126,치킨은 언제나 늘맛있음
4135,양이랑 맛은 늘 맘에 들어요ㅠ 하지만 이날 몰래 시켜먹는거라 전달사항으로 몰래 배달 해달라고 부탁드렸는데 창고 문 앞에 치킨 두고 가신건 좋았지만 현관문에 노크를 하셔서.. 아버지한테 들켰어요. 마스크는 감사해요~
4181,배달이 좀 늦네요.. 치킨도 식어서 오고.. 맛은 괜찮아서 잘 먹었습니다
4233,바삭하니맛은있었는데..금요일이라그런건지 너무늦게왔어요
4287,짜고.. 튀김 옷은 겁나 크고... 흠
4367,배달이 많이 늦네요 맛은 맛납니다
4413,맛은 별로 양은 푸짐 배달 빠름 그래도 다른 메뉴는 맛있음!!
4415,치킨...달달구리한게... 메뉴선택이 실패엿어요ㅜ 배달은 잘가져다주셧어욥
4431,미안하지만 양 오바 ..튀김딱딱 마덥뜸
4435,비에이치씨 신제품이라 시켰는데 맛은 좀... 그냥 달고 ㄴ끼해요~ 그래도 서비스는 좋아요. 다음엔 마초킹으로 먹어야겠어요
4503,개인적으로 바삭클인데 심하게 바삭한 편은 아니더군요 그냥 양념안된 순살치킨 맛이였어요
4531,맛은 확실히 있더군요. 근데 양이 너무너무하더라구요. 치킨 두명이서 나눠먹고 밥 1공기씩 더 먹어도 배가 부르질 않더라구요. 양이 너무 적어요.
4682,한두개 덜익은게 아니라 반이상이 덜익었어요. 핏기뿐만리. 아니라 고기자체가 투명해요. 처음이 두개는 ㄱㅊ았는데 3개째에서 일반 익은 고기 식감이 아닌 생고기마냥 질깃하고 쫄깃하길래 뭐지하고 뱉었는데 덜익었네요. 그 다음부터 손으로 일일히 해체해서 익은거만 골라먹었더니 배도안차고...배달시간이 지나치게 빨라서 뭐지했는데 다음에는 바삭 익혀주세요. 자주 시켜먹었는데...다음에는 잘해주세요.
4719,붐바스틱이 기대보다 맛없네요
4740,맵고 맛나요~~~^^*중독 중독
4828,닭냄새 민감해서 전화까지해서 바싹 튀겨달라니 딸 잘라 말하시더라구요 자기넨 냄새 안난다고 말투에서 요청한데로 안해주실것 같더라니 역시나 핏기가 보이네요 여기 아녀도 시켜먹을 곳도 많고 다른 브랜드도 많습니다 고객입장에서 조금더 귀기울이시져 사진보다 더 많이 핏기가 있었는데우리집 개가 먹어버려서 조금 남은것만 올렸립니다 더한가지 넘 짜요 ㅜㅜ
4839,맛있어요~~~ 상상 하는 그맛 치킨 부들부들 ~~ 좋아요
4849,배달느려요 1시간 지남
4888,구소홓ㅎㅎㅎㅎㅎㅎㅎㅎㅎㅎㅎㅎ
4924,예전에 편의점에서 팔던 닭꼬치 좋아했는데 딱 그 느낌이에요 살 야들야들하고 소스는 달달짭쪼롬하면서 주르륵 흐르는 그 정도 닭다리 3갠가 4개들었고 나머지는 뼈없는 넙적살이고요 맛있긴 맛있는데 양이 참 적어요 많이 먹는편이 아닌데 둘이서 밥이랑 같이 먹었는데도 배가 덜 차요ㅠ 양 &가격 만족도는 별 3개도 좀 아까워요 대신 맛있긴 참 맛있었어요
4945,갈비레오 처음 먹어봤는데 떡갈비소스맛이었어요 :) 굳이 비유를 하자면? 양은 적당했고 중간에 밥이 생각나서 햇반도 데워서 먹으니까 배불러 죽겠더라구요ㅋㅋㅋㅋㅋ나름 모험 성공? 나쁘지 않았어요~ 잘먹엇습니다!
4960,간장치킨시켰는데그냥후라이드로 그것도다말라비틀어진몋번튀긴 먹다남은듯한튀김을보냈습니다
4964,윙이..ㅋㅋㅋㅋㅋㅋ 양념이된건지 외관상으론 모르겠는데 먹어보면 양념이돼어있고ㅋㅋㅋㅋㅋㅋ
4982,역시 맛나네요. 배달은 진짜로 65분 걸렸지만..
4994,생각보단별로네요
5007,아직 배달이 안왔는데.. 리뷰작성해달라니ㅜㅜㅜㅜ
5013,역시 배달은 느리네요. 1시간이 기본..ㅡㅡ 맛은 좋아요.
5035,일단 앞으로 더 이상은 사장님네 점포로 주문하지 않겠습니다. 배달용 팩무가 없다고 홀에서 쓰시는 치킨무를 그것도 시큼한국물 질질 흐르고있는 저 상태로 주시면서.. 양해를 구하시는것도 아니고 전화를 해서 물어보니 답변을 주시는군요... 사장님께 대단한 고객은 아니겠지만 제 주문내역엔 젤 많은 매장이었는데 당연한듯 당당한 그 무성의함에 처음으로 이런 리뷰남깁니다
5048,저입맛에는안맞네요 양념특히별로였음
5051,배달시간 좀 늦는거야 어쩔수 없지만 치킨이 차갑게 식어서 옴.
5059,감튀 딱딱 배달 늦음
5064,맛은두말할것도없이맛있어요~배달시간이오래걸린거빼면..아마도할인요일이라주문이많아서인듯..저렴하게맛있는치킨먹어서좋은화욜입니다~~
5065,기름범벅 두번다신 안이킴
5072,항상시켜먹었는데 배달이 좀 늦었네요..
5087,시간이 2시간 반.. 오래걸렸어요
5092,BHC VIP고객만큼 많이먹어본 사람인데 튀김부터가 너무 오래되보이네요.. 보통 튀김이 황금빛이거나 노래야하는데 여긴 황토색튀김..딱봐도 갈지않은 기름으로 튀긴것 같네요
5097,구의에서 제일 맛난 촉촉하고 바삭한 치킨♡
5143,좀 늦지만 늘 맛있어요!
5154,너무 짜고  또한번 다른거 시킨게 타고 배달도 1시간 기다렸고 .... 비추입니다
5158,좀 자극적인 맛
5173,최근들어 인기가 많아져서 그런지 계속 치킨이 오버쿡 되거나 식거나 그러네요 이제 안먹을것 같습니다
5177,전화는 통하지도 않고. 주문한지가 두시간 넘었어요. 배달못해주면 문자라도 해야는거 아닌가요?
5182,한시간 넘었는데 아직도 배달 안왔어요
5187,ｂｈｃ점점 실망이에요 닭상태두 그렇구 맛듀 그렇구 ㅜ 닭이 너무 커러 징그러워요.. 치레카는 첨 시켜봤능데 3명이서 다 남겼네요;;; 치느님을.... 예전처럼 맛있지가 않아서 다른 치킨집 배달 찾는중이에요 ㅠ
5189,양념치킨을 시켰는데 인삼치킨이 온건가요......??? 치킨에서 인삼같은맛과 향이 너무 강하게 납니다... 적당히나면 건강한맛이라 생각하겠는데.. 치킨에서 양념맛이 1도 나질않았어요..
5193,배달 존나 느리네 1시간20분이 걸려 사과도 없고
5194,치킨 매니아인데 방금 튀겨서 온 치킨이 아님. 튀김 눅눅함 배달원 불친절
5206,아...스윗츄는 생각보다 별로에요 주문 요구 할때 바삭하게 해달라고까지 썼는데 세상 눅눅합니다....바삭한 부분이 거의 없도 다 눅눅라고 기름진 느낌이었어요...다음부턴 주문요구사항 꼭 봐주세요 제발..
5210,맛은 있는데 배달이 진짜 너무 늦네요ㅜㅜㅜ 배달 갑자기 밀린거라 이해는 되지만 이렇게 늦게 온적은 처음이에요.....그래도 맛있어요..ㅋㅋㅋ 양도 많고 정성스럽게 만들어주신것 같아서 돈이 안아까워요 스윗츄 완전 맛있어요!
5211,55분 걸린다더니 1시간10분째 안오는중 장사를하는건지 안하는건지
5219,맛 양 다 괜찮은데 주문이 몰린 시간이라 배달이 꽤 늦어요
5226,맛있었습니다!! 그런데 양이 적어서 아쉬웠어요ㅠㅠ 배달은 연초라 그런지 1시간정도 걸렸습니다 직접 접으신 것 같은 복주머니가 정말 감동적이었습니다ㅠㅠ 새해 복 많이 받으세요~
5231,스윗츄가 궁금해서 시켜봤는데.. 음...........제 입맛에는 별로였던거 같아요
5232,맛도있고 양도 적당했고 배달은 너무 느리고
5234,그냥 치킨너겟 튀겨서 소스 발라놓은 맛.. 양은 꽤 많았고 배달도 주소 변경했는데 잘 가져다주셨어요
5244,배달 시간 장난아닌데 너무 늦게 온다
5246,메뉴주문에 품절인지뭔지 뿌링클순살밖에 없고 배달도 오래걸리고 눅눅하고 양파도 붙어있네요..
5255,양이 원래 이렇게 작은가요?? 움푹 패여있고;;; 다른 영업점 준비중이라 여기 시켰는데 앞으론 안시킬것 같아요 다른데서 시켰을 땐 한번 먹고도 또 다시 배 채울 수 있을 만큼은 남는데 여긴 한번 먹고나니까 세네조각 남았네요
5263,젓가락좀 같이넣어주세요
5278,나무젓가락이없어요 맛은잇다만
5283,배달느린거빼면괜찮아요
5289,친절하게 배달해주시고 할인 받아서 싸게 잘 먹었습니다 근데 양이 너무 적네요 ㅠㅠ 할인쿠폰 써서 그런가... 젓가락 안주셔서 손으로 먹었어요ㅠㅠ 다음엔 젓가락도 꼭 챙겨주세요^^
5304,좀만 더 뜨듯했으면 좋겠어요. 배달은 한시간걸렸어요
5306,다 좋은데 배달이 너무 오래 걸리네요 70분째 대기중..
5320,맛은 둘째치고요 배달이 친절도가 죽여주네요 이딴곳은 첨보네 참 친절합니다 교육같은건 코로 배웠나봐요 전화예절 굳입니다 다신 안시켜요~
5322,옛날에 앱으로 주문안하고 뿌링클 시켰을때는 바삭바삭하고 가루도 많이 뿌려져있어서 너무 맛있게 먹은 기억이 있는데 오랜만에 요기요앱으로 할인받아 주문하니 퀄리티가 너무 달라지네요 튀김옷도 진짜 너무 눅눅하고 튀김옷 벗겨진 조각도있고.. 가루는 군데군데 안묻어있구요 치킨무는 얼어서 온것도 아니였는데 너무물렁해서 한입먹고 버렸어요 ㅠㅠ 진짜 치킨무는 왜 물렁한거죠..? 전체적으로 너무 실망입니다.............
5334,뿌링클을 시켯는데 소스를 안주면 어쩌자는건가요;;;;
5339,여기서 자주 시켜먹었었는데 이번엔 되게 실망이네요.. 치킨도 진짜 질기고 튀김옷도 너무 두껍고 질기고.. 맛도없고... 무슨 어제 튀킨 치킨마냥 정말 별로였어요... 심지어 45분걸린다면거 거의 한시간 걸리고 사이다 시킨거 오지도 않고... 치킨이랑 같이먹을라고 시킨건대 다먹고나서 보내주지를 않나... 그냥 되게 실망이네요..
5340,배달진짜느려요..........거의2시간기다렸어요
5343,길게썼다가 잘못눌러서 다 지워졌네요. 닭비린내랑 밀가룩 반죽맛이 아주 맛있는 곳 헛구역질했네요
5344,배달은 다른 곳과 비슷하게 45분-50분 정도 걸렸는데 치킨도 눅눅해져서 오고 콜라도 2개 시켰더니 하나밖에 안와서 전화했는데 그것마저 45분 뒤에 옴 다시는 안먹을듯
5370,튀김 굉장히 딱딱하고 재탕느낌나네요
5385,ㅎㅎㅎㅎㅎㅎㅎㅎㅎㅎㅎㅎㅎㅎㅎ홓ㅎㅎㅎㅎ
5387,다 좋은데 배달이 좀 늦으셨네요..
5396,눅눅하고 배달이 느려여
5406,이렇게맛없는 뿌링클 처음먹어봤구요~ 클레임저나걸었더니 주의한다고하네요;;; 치킨이 너무기름지고 뿌링클가루도 골고루안발라져있어서 ㅋㅋ 후라이드치킨먹는줄알았어요 ㅋㅋㅋ 첨에 클레임저나걸었을때 받으신분은 본인은잘모른다면서 통화중에 저나를 끊지를않나;;ㅋㅋ 본사클레임걸뻔했어요~^^ 아그리고 배달시간은 아주 퍼팩트하더라구요 ㅎ 무튼간에 여기는 쿠폰이따로안나가고 배송전단지 하단을 참조하래요
5418,일단 40분 걸린다하고 1시간 걸려서 옴. 양은 많아서 좋았음. 근데 과장하지 않고 바삭한 식감 0이였음. 뿌링클 먹었는데 가루는 많이 묻어있지만 눅눅 그자체.
5436,그저그런 보통 이하다
5438,자메이카보다 맛없음...
5439,아무리 맛있더라도 배달 거의 2시간 걸리는 게 좀 아닌 것 같아요. 아직도 기다리는 중... 참...
5445,배달은 오래걸렸지만 다른매장과차별화된 데코가 굿굿 다만 봉지에담긴 무는....
5447,껍질이 다 탔고 결정적으로 소스가 맛없어요. 진짜 무슨 맛인지 모르겠습니다. 소스 진짜 개맛없어ㅡㅡ 짜증남
5450,맛있는데 양이 적네요. --
5469,배달 너무 느려요.. 바쁠시간도 아닌데... 맛있긴한데 튀김옷에ㅠ양념이 좀 더 베어있었으면 좋겠슺니당
5473,Bhc 처음 시켜서 먹어봣눈데 배달만 한시간 넘어 기다린거 같네요~배달은 주문 밀리면 그렇다고 해도 전화받는분이 너무 불친절해서 기분이 너무 나빴어요 치킨맛은 괜찮았지만 다시는 시켜먹지 않을거 같네요 내돈쓰고 먹는건데 기다리는거 떠나서 기분 나쁘게 먹는건 아닌거 같아요
5481,자주시키는데...오늘은 닭이 타서왓어요...너무 튀겨서그런가 너무딱딱해서 뻑뻑살 부분은 씹을수가 업어서 다 버렷어요.....환불신청하려다...그냥 두었네요.....양념도 너무 짯고..원래 자주먹는데 아쉬웠네요..다음날 설사 6번 했습니다...뭔가 대책이 필요해보이네요..
5488,소스많이 달라고 적었더니 소스가 어찌 더 조금 뭍어있고 진심 너무 조금 붙어있어서 민망할정도.. 무슨 이유가 있겠지 라고 넘어가는데 크리스마스 분위기 핵따운 됫네요 우선 젓가락도 안주는곳은 첨봤네여
5500,맛은 진짜 좋은데 75분 정도 걸리는게 ㅜㅜ 배가 너무 고파 ㅜㅜ 그래도 추운 날에 배달해주는 기사님한테 감사하네요ㅜㅜ
5521,휴일이라 배달이밀려서 그렇다고해도 매번주문할때마다 1시간을 기다려야하다니요.기다리다지쳐서 전화하면 매번 포장하고있다고하고 배달이 정말느려요. 그나마 맛은괜찬은데 양념이너무 적게 있고 식었어요.너무하네요.
5524,배달이 좀 많이 느리네요.... 다른건 괜찮아요~~
5526,배달이너무 오래걸렸어요 근데 그것보다 소스가 부족해서 덜발라져 있어서 군데군데 하얗더라고요 소스만 충분했으면 좋았을것같습니다
5534,룸메랑 치킨 먹고 둘 다 배탈 났네요
5564,급하셨나봐요....
5566,맛잇은데배달한두시간걸림
5568,치킨이 너무 타서 딱딱해요
5579,너무식어서왔어요 ㅠㅠㅠㅠㅠㅠㅠ
5580,배달시간은 5분 정도 늦었네요. 그럴수 있죠 그런데 ㅋㅋ 닭이 왜이리 차갑죠???.. 식어서 그런가 맛이 없네요
5581,맛있게 잘먹었어요~
5583,한시간 가량 소요된다는 안내를 받았기에 기다리는 시간은 문제가 되지 않았습니다만 한시간 기다리고 배달온 갈비레오는 거짓 하나 안보테고 차갑지만 않을뿐 온기 조차 거의 느껴지지 않을정도로 식어서 왔습니다 아이들 먹이는데 전자레인지에 1분30초 대워서 먹입니다 조리과정 순서를 기다리는건 당연하다고 하더라도 몇개씩 들고나와 배달하는동안 식어버린 치킨은 정말 기분 나쁘네요
5587,75분내 배달 예정이라고 했는데 60분만에 배달이 왔어요 생각보다는 일찍 왔네 했는데 치킨이 다 식어있었네요 차가운 정도는 아니였지만 미지근? 절대 따끈따끈이라고는 말 못할 정도였어요 맛은 있는데 다시는 안시켜먹을 것 같아요 전화해서 따지려다가 너무 배고파서 그냥 먹었네요
5588,이 메뉴가 원래 양이 적나봐요ㅠㅠ 생각보다 적어서 놀랬네요ㅠㅠ 그리구 배달이 예상시간보다는 빨리 왔는데 다 식어서 아쉬웠어요ㅠㅠ 원래 시즈닝이랑 많이 줘서 매번 만족했는데
5593,주문한지 두시간만에 오고 다 식은 치킨 보내주고 사장은 전화햇더니 바쁘다고 끊고 콜센터는 통화 안되고 처음 써봣는데 최악이네요 다신 여기서 안먹고 어플 활용도 할 생각이 없네요 배달해주시는 분이 치킨 뜨거우면 못먹어요 라고 하고 가시는데 진짜 어의 없네요
5595,최악중의최악이네요 원래리뷰도잘안남기고 남겨도 좋았을때만 남겨봤는데 이런적는처음이네요 사진으로 보시다시피 양이 정말너무너무너무적어요 (다른지점것도 먹어보고하는말입니다)심지어 그중 한조각은 살점이뜯어지고 뼈가앙상한게 한조각있었고요 배달받았을때 치킨전부가 차가웠습니다 오죽했으면 먹다가 전자렌지에 돌려먹었습니다 배달도 1시간반걸렸구요 원래다른지점에서먹는데 문닫혀있어서 처음으로 시켜봤는데 다신안시킬것같네요 평점은좋던데 요기요2천원할인일때 주문해서그런건지 배달밀렸을때라그런건지모르겠지만 최악입니다. 맛은갈비레오 맛이니 당연먹을만하고요
5596,처음 시킨맛이라 걱정했는데 맛은 좋은데 양이 너무적어요....
5598,갈비레오 맛있다구 해서 시켜봤어요~ 안동찜닭의 약간 심심한 맛이에요~ 밥이랑 먹기 좋앗어요~ 맛은 있엇는데 양이 좀 적엇네요ㅜㅠ
5599,음 양이작네네네네네네
5602,양이 적어보여서 조금 실망했는데 먹다보니 그렇게 부족하진 않았습니다. 맛있습니다. 다만 부분부분이 엄청 타서 왔더군요. 한 입 먹었는데 이렇게 껍질이 타있는 정도인 줄은...
5604,65분 걸렸습니다. 맛은 좋았으나 양은 적은 듯 하네요.
5615,좀 느끼햇오요 ㅠ 배달도 한시간 넘게걸리고...
5664,ㅇㅇㅇㅇㅇㅇㅇㅇㅇㅇㅇㅇ
5695,머리카락 있어요... 전화도 안 받아요 ㅠ ㅠ
5696,맛있었어욤! 근데 배달 예상시감보다 30분정도 늦게왔어요 ㅠ
5713,안익은치킨이옴....버림요..
5730,존맛ㄷ대이애애애어 치즈볼은 집에 60박스쟁여놓고먹고싶어요
5756,제 입맛엔 안맞아요
5757,맛있었당 근데 배달이 조금 늦어서 아쉬웠지만 그래도 맛과 양은 좋았다
5788,앞으론 다른 메뉴 시켜 먹을래요...
5807,맛 쵸킹.. 헐 너무짜요..
5841,9시 45분에 11시까지 배달 부탁한다고 했는데 11시 20분에 배달이 왔어요.. 다음날 새벽 일찍 일어나야해서 일부로 예약주문한거였는데 이럴거면 10시에 한시간 텀두고 주문할걸 그랬네요; 맛은 있네여 진짜 개맛있었습니다 추운 날씨 때문인지 치킨은 미지근했어요 근데 맛있더군요.ㅂㄷㅂㄷ
5857,치킨 잘못 가져다주시고 양념 반 후라이드 반 시켰는데 무슨 양념이 묻은곳도 있고 덜 묻은것도 있고...다시는 안 먹습니다~
5860,맛있어요ㅋㅋㅋ휴....
5866,1시간10분걸렷네요.
5883,보통은 예상소요시간보다 빨리 오는데 오늘은 너무 늦었어요. 1시간 20분만에 받았어요. 그리고 날이 추워서 항상 식기는 하는데 오늘은 정말 온기가 없이 와서 렌지 돌렸습니다. 맛은 다른날보다 맛있었어요. 보통은 좀 짠편이었는데 오늘은 간이 잘 맞았습니다.
5899,90분을 기다려서 먹은건 거의 다식어서 온 치킨이었네요. 만든지 시간이지나서 습기랑 소스가 치킨에 다먹고. 그만큼 소스 맛도 그다지 안느껴지고 완제품 마트에서 파는 치킨 같았습니다. 배달하시는분은 한손으로 아무말없이 슥내밀고 가시네요. 그냥 전체적으로 맘이 안좋네요
5903,맛있게 잘 먹었는데 양념치킨 양념이 원래 이렇게 발라져서 오는건가요;
5931,배달 거의한시간반만에오고 아무런말없이그냥배달딱주고가버림
5942,닭이 정말 실망이였습니다 이런글 쓰는성격 아니다만 ....좀심했습니다
5950,종합적으로 최악임 1 배달시간 약 100분 소요 2 전화했는데 주소 확인도 안하고 바로 출발했다 함 그리고 15분쯤 뒤 다시 전화해서 주소 제대로 확인하고 출발했다고 하는거냐니깐 그제서야 주소 물어보고는 3분전에 출발했다고 함. 소비자 기만급으로 그냥 대충 대답하고 치우는 태도 3 늦게온 배달원도 그냥 치킨만 척하고 다급하게 전해주고 다급하게 떠남 4 치킨은 식어서 다 먹을때쯤 거의 차가웠음  튀김색깔 보시다시피 갈색 튀긴거 다시 튀긴건가 싶고  반죽도 고르지 않았고  시즈닝가루도 떡지고 엉망 :본사신고 후 영업정지 각
5955,너무 차가워요 식은 치킨인줄
5959,튀김이 별로였어요 다른건 굳
5964,배달도 늦었는데...치킨도 맛이 없어서 놀랬어요...ㅠㅠ 튀김옷이 분식집 튀김옷처럼 눅눅해서 튀김옷 벗겨서 먹다가 남겼네요
5985,정말 너무 하네요 소스가 묻어 있지도 않고 다식어서 왔어요 ㅠㅠ 그리고 너무 맛도없어요 다른지점은 안그런데 ?
5990,첫주문인데 배달이 1시간40분이나 걸렸네요 졸려서 잘생각하고 있는데 왔어요 늦어서인지 치킨은 좀 식어있었구요 양념은 많이 묻어있고 맛은 있네요 배달이 이렇게 까지 오래걸리는 이유는 뭘까요 ㅠ 아무튼 늦었지만 맛있게 먹을게요
5998,맛은 있는데 양은적고 배달하는 사람은 일하기 싫어보이네요 기본적인 인사도없고 던져주듯이 주고가네요ㅡㅡ 다시는 시켜먹을일 없을듯
5999,신매뉴라 먹어봤는데 솔직히 다음엔 마초킹 먹을꺼임 날가두없고다리4개에 다른부위 4개 ㅜㅜ 신메뉴도전 실패
6002,갈비레오 첨 먹어봤는데 진짜 맛있어요! 다만 조금 식어서 배달온게 흠이었네요
6004,간장골드 시켯는데 후라이드온줄.. 양념도 거의 안묻어있고 정말 별로엿어요
6012,면이 많이 불어서왔고 탕수육이 바삭하지않아요
6021,이게 짬뽕인지 볶음면인지... 모르겠어요. 그릇이 작았는지 뭔지 몰라도. 이 어플 저 어플에서 여기만 시켜먹었는데... 이번엔 좀 실망이에요. 그릇이 작아서 국물 모자랐으면 따로 주셨어야 한 거 아닌가요...? 별을 드릴수가 없네요. 이만한 곳이 없었는데 다음엔 신경써주세요. 제발!!!!
6023,ㄹㅇ 딴건다좋은데 짬뽕면이 살짝 떡이네요
6032,배달시간은 45분걸린다고했는데 1시간조금넘어서 왔고 배달원은 집도못찾아와서 직접나가서 집까지안내드렸고 제일 황당한건 제육덮밥먹고있었는데 플라스틱비닐같은것도 나왔네요.... 음식검사도철저히하지않을거면그냥.. 하 말도않나온다.. ?? 정말비추입니다ㅉ
6033,별로에요.... 탕수육을 남은 튀기만 준거같고..볶음밥 진짜 맛없음요
6037,그때그때맛이 너무달라요 오늘탕수육은 너무딱딱함 지난번은 딱바삭해서 좋앗는데ㅜ 짬뽕국물서비스는 좋아요♡
6040,맛은있는데 양이너무적움...
6043,양이 참작네요 실망
6051,곱배기인데 곱배기인지 몰라써요.. 막은 그럭저럭 괜찮은데 면은 다 불어서 오고 탕수육은 고기없이 튀김만 잔뜩오고.. 그랬어요...^^;
6074,배달빨랏구 맛도 좋앗구~담에또 시켜먹으께요
6079,단골집인데 배달항상 빠르고 간짜장 항상먹는데 오늘은 짜장소스도 부족하고 싱거워요...
6100,다불어서 옴 맛도별루 두번 시켜먹진 안을듯
6108,맛잇기는 한데 짬뽕에 넘 양파만 만쿠...다른 내용물이 넘 적엇어여 ㅡㅡ
6110,짬뽕 빼곤 다남겼어요...ㅜㅜ
6113,맛있게 잘 먹었습니다.
6125,자주 시켜먹긴 하지만 먹을때마다 뭔가 좀 지저분한 느낌이 들긴해요ㅜㅜ그래도 24시간 하는 중국집중엔 그나마 낫네요
6129,군만두는 오래된 것 같고 맛이 별로 입니다.
6130,하 진짜 짜장면상태가 무슨 ㅋㅋㅋㅋ 배고픈사람도 입맛떨어질정도로 최악 양념도 얼마 없고 면은 퍽퍽하고
6140,짜장면이다떡이되서왔다고합니다 좀더신경쓰셔서배달부탁드립니다
6149,배달 한시간반.. 중국집배달 시간 이런곳은 첨이네요
6157,혹시나해서 한번더 시켰는데 역시나 한시간째 안오는중..
6164,위치가 바뀌었으면 재등록을 하셔야지요
6166,배달은 빠르네요 ㅎㅎ
6173,변함 없는 양파왕.
6174,매일 맛이 달라요;;; 저번에 간짜장 맛잇게먹엇엇는데 요번에는 일회용 에 배달와서 당황햇구요 간짜장도 맛도없엇습니다...
6180,짬뽕국물을 문앞에 다쏟고 그냥가시면어떡해요...ㅡ ㅡ
6186,면이 너무불었어요 ㅜㅜ
6188,탕수육 별루.. 자장면 별루.. 자장밥 별루...
6201,흠...... 반반짬뽕을 시켯는데 짜장이와부렀네요....
6205,당면 생걸로 오고 육개장 미지근하고 밥은 무슨 중국산 찜밥 수입했나 퍽퍽하고. 별을 줘야하는건지.
6210,갑짜기출출할때이용하는집..잡채밥은첨시켜봤는데.은근맛나네요.잘먹었어요
6212,짬뽕국물줄때 엎어주면 어떡하냐 다쏟았네
6218,일회용 그릇 정리할 방법이 없어서 곤란했어요
6219,짜장면은 불어서 한덩어리로 왔구요 볶음밥은 소스는 원래없나봐요 밥만볶아서 오네요 탕수육 유산슬은 그냥 보통이네요 메뉴에는 꽃빵이라고있는데 배달은 안해주네요 낚시인지 오타인지 모르겠네요
6222,양장피는 다 뭉쳐있고 우동면은 다 끊기고...
6228,왕만두 양이 너무 적었습니다.. 5500원이 아깝더라구요 볶음밥도 그냥 짜장밥이고.. 탕수육 양도 적고.. 여러모로 아쉬웠습니다.
6259,맛이 가끔 다르네요..이번에는 아쉬운맛이..식사 2그릇 시켰는데 쿠폰도 또 빠져오고..단골이었는데 솔직한 리뷰로 이젠 점점 별루인거같습니다.
6268,배달해주신 분 정말 친절하시고 음식맛도 괜찮았어요. 양장피와 쟁반짜장 시켰는데 아쉽게도 쟁반짜장은 좀 불었어요. 다음엔 간짜장 시켜 먹어야 할듯요.
6279,해물볶음짬뽕이라면서 해물은 꼴랑 오징어몇조각이 끝입니까? 그걸 이가격으로 받아처먹냐 양심좀;; 이가격으로 받아처먹으면서 그냥짬뽕만도 못한 퀄리티 실화? 그리고 주문하고 분명 배달소요시간 문자까지 받앗는데 안찍혓다하고 1시간 반이상이나 걸리게만들고 대단들하셔요 이래서 고급중식점 아닌이상 걸러야된다고 친구가 그러던데 뼈저리게 다시한번 느끼게 해주시네요
6280,그냥 그래요 그냥 그렇습니다
6286,업소가 우리집과 멀어서 그런건지 주문 폭주라 그런건지 평일 저녁 7시 주문에 배달 소요 시간이 50분이나 걸린다는 안내도 놀랍고 배달된 음식들은 면이 너무 불어 왔음. 배고파서 다 먹긴했으나 이건 아님.
6288,탕수육 부먹도아닌데 올때부터 엄청 눅눅 짜장보통 볶음밥은 짜장이오래됐는지 신맛남..양은많음
6290,ㅜㅜ또 그냥 쟁반짜장이... 맛은있어요!!
6294,네 배달시간 기본으로 어기고~ 내가 먹어본 짜장면중에 진짜 최악이고 ~ 다 식어오고~ 한번 만드시는분이 드셔 보셨으면 좋겠네ㅋㅋ
6296,왕만두가 밀가루녹아서 못맛이여
6299,오늘이후로여긴아웃 장사하는사람이 잔돈준비하는거당연한거아닌가요? 2만몇천원 되는걸시키면 5만원짜리 준다생각하고 잔돈준비하는게 당연한게 아닌가? 어이가읍네. . . 안시켜먹음 그만인걸 번창하세요
6302,항상 전화주문하다가 너무시간이늦어서 제발 문 두들기지 말아달라 메세지남기느랴 일부로 요기요에서 주문한건데 ㅠㅠ 문두들기시고 전화하시고 ㅠㅠ 강아지가 짖고 두들기시고 하셔서 다 깻네요 ㅠㅠ 늘 맛있게 잘 먹고있습니다만 제발 배송 베세지좀.. 새벽엔 문을 두들겨주시며누안되요ㅜㅠㅠ
6305,아니뭔 배달예정시간ㅋㅋㅋ 어이탈탈 자주시켜먹던데 오늘 휴무라 여기시켯는데 너무차이난다 시켜먹던데는 5분이면 오는데 여긴 지금 1시간 10분이 지낫는데도 안오시고잇네 괜히 모험햇다 에휴
6311,두번째주문인데 처음엔 맛있었는데 이번에는 짬뽕이 다뿔어서왔어요ㅠㅠ
6325,맛이나 양은 자주 시켜먹어서 괜찮습니다 근데 배달이 너무 늦어요. 35분 걸린다고 문자보내시고는 1시간 걸렸어요. 두번이나.
6326,쿠너너어ㅓ어아라랄라
6328,면이 다 불어터짐ㅠㅠ
6334,이번에는 좀 별로였으요
6353,짜장 볶음밥맛있는대 물만두 한개먹고버렷네요 먹자마자 밀가루맛이... 물만두는 다신안먹는걸로
6364,양은 많습니다. 배달도 보통입니다. 그러나 맛은 장담 못합니다. 라면을 드십시오.
6367,짬뽕이가면갈수록 극혐이에요
6382,배달 개늦게옴 .. 35분이라 했으먼서 12시넘어도 안옴 ...
6383,난자완스정말좋아하는데 여기난자완스진짜성의없음 일단고기다진거부터제대로안다지고 양념은왤케작게하는건지 제대로좀잘볶든지아진짜먹다가버림
6384,많이 아쉬운맛 다 불어서 왔습니다.ㅠㅠ
6389,면발 두께 실화인가요 ..? 20분만에 와서 넘좋앗는데 소스는 맛잇엇는데 면발이 넘나 팅팅 불어터졋슴 김볶밥은 레알 김치만 볶았음 고기는 없네오???! 양과 배달시간만 별5개입니다 너무배고파서 아무거나먹고싶을때 시키는것 추천
6392,다좋은데 맛이.. 제육은 고추장맛만 나고 삼선짬뽕밥맵게해달라햇는데 안매운건 둘째치고 끓이다말고온것같네요 차라리 5분늦게오고 맛있게 오면 좋겠습니다.
6395,뭐 처음에 생길때는 남사장님 인상좋으셔서 시켜먹어야지했는데 맛도 친절도 갈수록 개판임 웬만하면 글안남기는데 세번째 시켜먹다가 못참아서 남김 차라리 라면끓여먹고 말지 좀 잘하세요
6403,갈수록 맛이 떨어지는듯합니다 배고팠는데도 맛이없어 다남기게되네영 ㅜㅜ
6444,평소에 진짜 자주 시켜먹는데 오늘 배달도 늦고 음식도 제대로 안주시고 진짜 최악이예요
6446,맛과 양이 좋네요 배달시간은 1시간 10분
6448,음식은 다 식어 빠져서 짬뽕국물 두개달라는것도 하나줬으면 면 뿔지않게 재대로 배달이나하던가... 받자마자 진짜 기분 상하게하네요 여기 최악
6453,물만두 우선 맛이 없습니다 배달원 분께서 화난 말투로 먹고 일층에 그릇 놓아달라고 그러더군요 (저희집 4층)직원교육 똑바로 시키세요
6459,배달이 좀 느리네요
6465,많이 바쁘신거 이해해요^^ 만두에 눈썹들어있고 탕수육눅눅하고 면다뿔고 배달시간 거의30분지연에 이해합니다 바쁘실수있으니까요 ㅎㅎ
6466,음식제대로배달도안와 더 기다리고 죄송하단말도안하셨네요.
6467,배달은 빠른 편인데 간짜장은 너무 뻑뻑하고 볶음짬뽕은 불어서 왔어요. 이전엔 맛있었는데 주방장이 바뀐건지 모르겠지만 이번엔 먹기 거북할 정도로 형편없었어요.
6469,최악의 탕수육 ..........
6471,탕수육 맛이 이상하네요
6472,바쁘다고 일회용기에배달하고 면도 다 불고 실망입니다. 별하나는해야한다는데 마이너스는 없나봅니다.
6474,볶음밥의 자장이 너무 셨어요.....
6482,배달 1시간에 면 불어서옴
6493,솔직히짬뽕국물은맛있는데 배달은1시간20분이상 면은퉁퉁불고탕수육정말딱딱했어요 국물생각하면재주문하고싶지만그외것들이 정말비추에요
6498,자장면에조미료를들이부었음 탕수육은거의타다시피해서옴 다신안시키고싶음
6499,맛은 그냥 그런듯...
6500,후기를 보니 다들 맛있다고 해서 주문해봤는데 탕수육이 심각하게 맛없음 딱딱하고 소스도 그저그럼 짜장 짬뽕맛도 보통임 도대체 뭐가 맛있다는건지ㅜㅜ 배달은 칼같이 옴
6501,전화받으시는여자분도 친절함이란 찾아볼수없고 맛이라도 있던가 시킨지20분도안되서 배달은와놓고 짜장면은 무슨1시간 숙성시키고 가져온지알앗네요 돈주고먹으면서 짜장면을먹고잇는건지 떡을먹고잇는건지 입맛다 떨어져서 남겻네요 배달은빨리와서 좋네요
6502,아니 탕수육도 안에 고기가 익엇는지 안익엇는지 확인도 안하고 갖다주시네요 씹자마자 질겨서 봣더니 하....너무하네요
6504,국물이괜찮아서 재주문했는데 다시먹으니정말별루네요 두번모두탕수육딱딱했어요
6508,배달이 정말 늦어요... 그것 말고는 맛있고 괜찮았어요! 다만 탕수육은 미리튀겨놓은건지 차갑고 눅눅..소스도그닥... 짜장짬뽕은 맛있네요
6512,음... 짬뽕에.. 오징어랑 홍합 이 하나도 없고..양파랑 호박 당근만 가득하네요.. 하하하하하하 원래 그런건지 하하하
6526,배달이...느려요ㅜㅜ
6528,양이 좀 적네요. 맛은 보통입니다. 배달은 굉장히 빨랐어요.
6531,짬봉밥에 숟가락 너무하지않나요 통화로 밥이라고 대화까지 하시구 요플레 숟가락은 너무하지않나요? 아무리.바빠도 고객한테 양해를 구하시면 안되죠
6536,별로~~~~~~~~
6540,배달이 헬이네요
6549,자장면에서 소주냄새가 나요.
6552,짜장면이 너무 짜고 면도 다 불어서 뚝뚝 끊겼음.
6559,아니 ㅋㅋㅋㅋ 탕수육도 적고 짜장면은 완전 불어가지고 맛도 없고 비벼지지도 않고 퍽척하기만 하고 소스에서는 이상한 사과향도 너무 심하고 진짜 할말이 너무 많네요. 배달이라도 빨리해주든가 너무 심한것 같아요.
6563,요리왕 평상시 칼배송이어서 시켜먹는 편인데 오늘은 탕수육도 죄다 밀가루만 있고 짜장 먹자마자 너무 짰어요. 평상 시 요리왕만 시켜먹는데 ㅠㅠ
6569,탕수육 짜장면 새트시켰는데.. 너무 딱딱해서 몇개도 채 못먹구 아쉽게 고대로 돌려보냈네요 ㅠㅠ 나름.. 중식은 ..시켜먹으면 여기서만 먹는데 이건 너~ 무 실망스럽네요!!
6576,이전에도 몇번 시켜서 또 주문했는데 일반용기랑 일회용기랑 양 차이가 너무 많이남.. 매장에 전화했더니 같은양이라곤 하나 이젠 두번다신 안시켜먹을듯
6578,배달은 빠르지만 맛이나 양도 적고 탕수육소스는 너무 달기만하고 그릇은 뒷부분에 기름이 쩔어붙어있더군요;;; 배달말고는 봐줄게 없네요
6580,짜장면은 약간 불었어요... 탕수육은 고기가 질겨요
6590,배달이 10분만에 와서 빨리온건 좋은데 왜이렇게 빨리왔지? 하고 먹었는데 짬짜면이 다 불어서 뚝뚝 끊어지고 그래도 맛은 그냥 평범한 맛인데 탕수육은 진짜 못먹겠네요 돼지냄세나고 튀김도 고무씹는 맛에 특히 소스가 진짜 너무 맛이 없어요 후르츠 과일 통조림 소스에 그냥 찍어먹는맛 소스에 신경을 조금 더 써주세요 마지막으로 일회용 용기를 주셨는데 일회용 으로 주셨으면 저희가 먹고 치울때 일회용 용기를 같이 버릴 비닐봉지도 같이 주시는 배려좀 주셨으면 좋겠어요
6591,면이 너무 떡져있었고 만두도 기름이 너무 많은게 아쉽네요
6595,“한 번 먹고 말겠지..” #왜 이런지는 #자기들도 알거야
6597,여기 첨에 먹고 괜찮아서 한번씩 시켜먹었는데 탕수육이 너무 딱딱해서 턱아파서 반도 더 남기고 볶음밥 소스도 심하게 부족해서 하얀밥 먹었네요 그때만 그랬던건지 넘 짜증났음 시켜서 거진 다 남기고 돈아깝네여 양도 서비스도 가격도 중요하지만 맛이 젤 중요하죠
6611,배달도 빠르고 양도 푸짐하네요 탕수육은 고기는 바삭하고 맛있었어요 ~ 근데 소스가 제 입맛에는 너무 신듯 ㅎㅎ 조금 덜 셨으면.. 짬뽕은 면도 안불고 푸짐했는데 좀 맵내요 매운거 잘 못드시는 분들은 참고하세요~ 국물은 처음 국물만 한수저 떳을 때는 맛있었는데 끝내 매워서 남김
6612,탕수육에서 고기 냄새났어여
6619,맛있었습니다.ㅎㅎ
6620,음....분명 삼선짬뽕으로 바꿨는데 요구사항에 전혀 안들어가있고 짬뽕은 ..그냥..케첩은 탕수육소스에 너무 많이 들어가있고.. 처음 시켜봤는데 별로예요...
6622,시간은 미리 공지되서 괜찮았도 맛더 그럭저럭 괜찮았는데 짬뽕 탕수육 셋트메뉴인데 짬뽀은 괞찮았지만 탕수육양이 나무 적은것같았음..
6625,중국집배달이 1시간20분걸리다니‥‥ 음식은 또 다식어서 도착하고‥ 참고들하세요
6627,탕수육.짜장면 시켰는데 10분만에 오는게 말이되나요.. 짜장면에 물도많이 차있고.. 만들어논게 왔다고 이해할수밖에..
6628,맛없음 탕수육 피안빼고 만든듯 비림 설익은듯한 짜장두 별루 탕수육 맛없어 남겻지만 양도 적음 14000 1인세트 근처인줄알고 시켯는데 배달하는분만 고생시킴
6630,자장며너무 별로에요 면이 너무 팅팅불었어요
6644,중 사이즈 약 진짜 작고요 맛은 있으나 양은 진짜 적음 전화해서 물어보니 정량이라 하는데 양 적어요 양은 기대하지마요
6654,꾸준한 고객을 확보하기 위해서는 품질의 항상성이 중요하다고 생각합니다. 그런 점에서 실망스럽습니다. 삼성 휴대폰을 믿고 사는 이유 유명 브랜드가 의미가 있는 이유가 다 같습니다. 배달식당이 그렇게 안할 이유가 없고 또 그렇게 할 수 있습니다. 오늘 배달온 음식은 마치 '이것이 마지막이다'라고 하는 것 같았습니다.
6663,그럭저럭 갠차는편.. 양은좀적은듯.
6676,점점점 할말이없음
6681,보족셋트시켯는대 김치양 무채양 어이없이적음 가격에비해좀실망함
6697,다음에 다른 음식점에 주운하고 싶은 생각
6714,엄청 자주 시켜먹는데 오늘은 그중에 최악이네요 가격도 올랐던데 양이 그전에비해 너무너무 적어요 무김치도 바뀌고 실망이네요
6725,포장상태 깔끔 족발.. 불족발... 막국수... 맛은 있지만 가격대비 양이 너무 작아 아쉽네요... 신랑이 다음에 대자 먹어보고 쭉 갈지 말지 생각하자니... 맛은 있는거랍니다... ㅋ 소자 같은 중이라 상당히 아쉬웠네요...
6761,토요일 주말이라 55분 뜨길래 그래도 설마 했는데 역시나 1시간 걸리네요 같은동네 족발 30분만에 오는거랑은 차이나네요ㆍ먼저번 족발집도 유명하고 매니아도 많은데 불족발 먹어보고 싶어서 여기에 반반시켰는데ㆍㆍ결과는 맛있네요?다른분 리뷰처럼 야채가 적어 모자라구요ㆍㆍ막국수도 맛있어요 배달만 더 신경써주시면 다시 주문할게요
6762,배달어플주문주소 능동인데 지가 군자동 와놓고 왜 군자동아니냐고 짜증부터 내는 배달원ㅋㅋㅋ 아주 대놓고 내잘못 아니라고 남탓하는배달원 한 3번 시켜먹었는데 못찾아오는거보니 배달대행업체인듯
6778,족발은 맛있어요. 근데 막국수가...너무 달아요. 세 젓가락 이상은 못 먹어요 진짜.
6780,진자 맛없어요 다시주문 할수가 없어요
6792,갸맛있음마늘족발이개꿀
6811,주문 요청 내용 무시 고기에서 냄새 남
6820,가격도좋고 포장도좋고 배달도좋고
6823,매족은 정말 기똥차게 맛있는데 족발은 맛이없네요ㅠㅠ
6838,처음시켜봤는데 연말에 바쁠때시켜서 그런가 제 입에는 별로였습니다
6842,다별로예요 맛도 양도 배달도
6880,족발맛도 좋고 배달도 정해진 시간에 오고 다 좋은데 양이 좀 적네요.
6935,생각보다 빠른 배달..고기는 마지막 배달이여서 인지 약간 질김..다른곳보다 김치양 적음..
6953,너무 적게 오고 김치는;;; 보삼 김치도 아니고 다시는 안시켜 먹을꺼같아요
6965,여기서 보쌈 먹고 저랑 제 애인 장염 걸렸습니다
6976,고기는 군내안나고 정말맛있는데요.. 진짜 김치가 너무맛없네요.. 김치랑같이먹어야 보쌈인디ㅡㅡ 김치가 와.. 38년인생최고맛없는 김치ㅜ김치만 맛있게하신다면 고기가맛나서 잘되실듯요...
6984,도야에서 밖에 안시켜먹어요~ 항상 맛있어요!!
7006,결론부터 말하면 다시는 안시킬것 같네요.그동안 꽤 꾸준히 시켜먹었고 나름 만족했었는데 점점 고기 잡내가 느껴지더니 오늘은 도저히 못 먹을 수준으로 왔네요.보쌈은 누린내가 심해 거의 못먹고 버렸고 족발도 몇점 먹다보니 비계부분에서 누린내가 심해서 버렸습니다. 배달원이 문 두드리는 것부터 기분나빴는데 포장상태도 엉망이고 야채 신선도도 떨어지네요.무엇보다 고기상태가 최악인게 제일 실망이고요.개인적으로 맛집은 뛰어난 맛보단 한결같은 맛을 내는 집이라고 생각합니다.오래 장사하시려면 앞서말한 점 유념하셨으면 하네요. 단골이었는데 아쉽네요.
7020,배달이 너무 늦어요
7050,족발은 맛있었는데 막국수가 면이붙어 한덩이네요. 가위로 잘라도 안풀어지고 덩어리져 있습니다.
7068,ㅠㅠ 도야족발 엄청 좋아하눈데.. 멀리사는 친구 데리고가서 매장가서도 몇 번 먹었는데..오늘 오랜만에 시켜먹었는데 오늘따라 맵기만하고 맛이....... 밥도 너무 굳어왔고..막국수.. 리뷰로 서비스 받았는데 ㅠㅠ 면이 ... 안 익어서 .. 면 삶는거 셀프로 바뀐거 아니죠....? 막국수 못먹었어요..............
7115,솔직하게 리뷰 잘안쓰는데 일단 다른 리뷰들이 좋길래 처음 시켰는데 일단 비쥬얼 좋았습니다. 보쌈 첫 입 딱 먹자마자..고기냄새가 너무 나길래 왜러지 했는데 씹는순간 알겠더이다. 고기가 얼마나 퍽퍽 한지 진짜 마누라랑 먹다가 밥하고 김치만 먹었습니다. 냄새도 너무 심하고 김치는 짜고 달고 ..에휴 막국수는 서비스라지만 면은 불대로 불었고 양념소스는 고추장 물에 설탕 푼거같고 왠만하면 리뷰 안남깁니다. 내 보쌈만 그랬나요?? 고기를 보관 해놨다 다시 대쳐서 주는 느낌 확 받음 고로 다신 안시킴
7128,막국수다뿔구고기애서냄새나네요
7161,1. 콜라 배달 누락 2. 상추 딸랑 5장 3. 다행히 고기는 맛있음 4. 배달은 빠름 고기외에는 좀 양이 부족하네요
7174,배달 빠르고 양도 많은데. 아쉬운건 위에 덮힌 고기가 오래된 것인지 바짝 말라있더라구요. 딱딱해서 먹을수가 없었네요. 음식은 많은데 대부분 남겼어요
7280,너무 친절하고 좋아요!!^^
7289,맛있어요 근데 좀 말랐어요 ㅜㅜ 마르는거 방지할려고 온수팩 넣어주신거죠? ㅜㅜ 맛있긴해요
7298,배달이 너무 늦었어요ㅠㅠ 1시간 15분 걸렸네요ㅠㅠ 보쌈은 부드럽고 맛있었어요~
7317,첨에뜯었을땐양이 많지않은거같았는데 먹다보니 양이꽤많더라고요 처음시켜먹어보는데 맛도좋았어요 서비스로주신건가요 막국수도맛있었습니다 다음에또시킬게요
7339,배달은 주문한지 두시간있다가 왔어요 족발두 완전 어이없는 맛 족발이 물컹물컹 한 동안 족발 먹기 싫을 것 같아여
7348,배달 넘 느리고 불족 너무너무 매워요ㅠ 앞다리살은 역시 맛있음
7410,무김치도 더 챙겨주시고 막국수 서비스도 맛나게 잘먹었습니다. 오늘은 배달 예상시간보다 더 늦게왔고(1시간걸렸어요) 음식이 평소보다 많이 식어서와서 아쉬웠어요~맛은 한결같네요~~?
7412,무난해요. 매운맛 맛있음 근데일반은고기에기름이넘많아요
7447,맛은 있었는데 양이 조금 부족했어요...
7465,배달은 빠르고 깔끔했습니다. 막국수도 많이 주셨고요... 하지만 안타깝게도 맛있다고 할 수가 없습니다ㅜㅜ 서비스는 좋았지만 음식은 맛인지라... 아쉽습니다.
7468,항상 맛잇게 잘먹고 있어요~~~ 다만 오늘은 비오는 주말이라 그런지 배달이 넘 늦긴 했네요 ㅠ 그래도 맛있으니까 용서를.... ㅋㅋ
7469,정말 최악이에요. 배달한지 두시간 걸렸어요. 같은 지역 주문한거 기달리다가 한꺼번에 배달하더라고요. 음식은 다식고 정말 이때까지 시킨 음식점중 최악의 서비스입니다
7536,전 막국수 돈주고 사먹었습니다.. 막국수 익지도 않았고..뿔었네요.. 딱 설익으누라면 뿔여먹는 기분? 족발은 맛있네요.. 족발만 맛있네요..
7540,양이 많지는 않지만 맛있게 잘 먹었습니다~ 근데~리뷰 약속 말씀드렸는데~ 서비스 막국수는 안 주셨네요ㅜㅜ 막국수 좋아해서 따로 시키고.. 추가 막국수 따로 달라고 부탁까지 드렸는데.. 두 개 합쳐 주셨다기에는 양이 너무 적고.. 아쉽네요~~어쨌든 약속은 약속이니 리뷰는 달아드립니다~
7579,족발은 맛있는데 사이드로 온 것들이 너무 별로에요ㅜ 무김치는 너무 짜고 막국수도 오래된 것처럼 면도 다 굳고 양배추도 색이 변해있어서 먹기가 좀 찜찜하네요... 그래도 족발은 맛있어요;;
7608,너무 맛있게 잘 먹었어요 근데 배달이 좀 느리고 마늘이 적었어요. 반찬도 무대신 양파주셨으면 더좋았을것같은데 아쉽네요
7623,맛있어요 서비스 막국수도 혜자예요~ 굳굳
7642,도야족발 좋아해서 많이 시켜먹는데 장안점은..왜이런가여ㅜ 족발 물도다 터져있고 양념이랑 주먹밥 종이까지 모두 엉망이네요ㅠ
7668,다른 리뷰가 좋아 기대했으나 배달이 넘나 늦게왔고 막국수도 매번 주는건 아닌가봐요. 맛은 뭐 그냥저냥 정도였어요
7689,후기도 좋고 뭣보다 사장님이 자신감 있는 당찬면이 있는듯해서 첫주문 ! 1. 배송: 벨 누르지말아달라 세세히 메모남겼으나 헛수고 해맑게 메모 안읽었다는 배송하는분께 모라할수도 없었으나 참... 2. 맛: 불족발 물기가 너무 많고 비려 거의 못먹음 기대를 너무 한듯 ㅠㅠ 그러나 일반족발은 부드럽고 맛있었음 반반 주문한걸 너무나 후회
7709,정말 맛있고 쫄깃한 족발을 알게 해주신게 도야족발이예요. 그런데 오늘 반반에서 피비린내가 좀 나는 부위가 있네요. 불족발은 없어서 못먹는데 오늘 온 그냥족발에서 살코기 부분에 핏물이 고여있었어요. 덜익은 것 이겠나마 그부위만 그렇고 불족은 완식했습니다. 오늘 눈 많이 오고 바쁘셨을거라 생각해요.
7735,음식 아직 안 왔습니다!! 무슨 리뷰를? 어이가 없네요.
7813,리뷰쓰면 막국수주신다길래약속해서 씁니다. 일단막국수..면 팅팅뿔어서왔습니다..써비스라 퀄리티가이런건지..심해서 먹지도못했죠 전 마늘족발시켰습니다..따뜻하게온건좋은데요.. 소스에 엉망징창되서 온족발 껍데기와살코기 다분해되서 엉망징창으로왔더군요..살도안붙어있는펴다귀는..양채우기용인지..리뷰보고 기대했으나..어마어마한 실망이네요
7858,... 배달느림
7876,ㅣ이거 솔직히 써야하는건가요? ㅋㅋㅋ개인적인 취향이지만? 돼지냄새가 좀나는거 같고 ? ㅋ 별루네요ㅜㅜ 밥을 한끼도안먹어서 기대하고 먹었는데 ㅜㅜ 뜨거운 족발을 좋아라하시는분은 뭐 좋아라 할수도 있을거 같으네요 ㅡㅡ
7908,리뷰한다고 메모남기면 막국수 준다해서 남겼더니 오지도않고 족발은 뼈만잔득 왔네요 다음에시키지 않을겁니다
7916,리뷰는 남겨요 하지만 쟁반국수는 주지않으셨군요 요기요 주문이다그렇지요 약속보다는 홍보광고 우선이지요 뭐그렇다구요 먹어보니 맛도없내요 뭐 쟁반국수 않와서 맛없는건 아니구요
7922,음.... 다 국물이 다 터져서 왔어요.. 이번에는 그냥 먹을게요.. 봉지안에 국물이 흥건... 맛은 있습니당
7933,맛굿 또굿 계속굿 무양념뒤집어졌습니다~~ 맛때문에 배달 이상해도참아지는족발 꿀맛입니다오늘도^^
7950,부모님은 맛있으시대요~~전 좀 쫄깃한걸 좋아해서요 따뜻하게오니 좋네요
7952,저번에 너무 맛나게 먹어서 주문했는데 이번엔 비계가 너무 많아 느끼했네요 ㅡㅡ
7983,배달 1시간 넘게걸려서 전화로 언제오냐고 물어보는데 전화받는분 말하는게 너무 공격스럽고 기분나쁘네요. 주말에 일하기싫은티 팍팍나는것처럼 짜증스럽고 불쾌했어요.
7998,리뷰에 맛있다는 말이 많아 주문해봤는데 돼지냄새도 좀 나고 제입맛엔 별로네요~
7999,원래 앞발은 맛있으니깐 족발 먹을만한데 양념무가 제대로 쉬어서 입에 넣는순간 입에 쉰네가 오지게 퍼져서 내 입맛을 다 망쳐서 빡치게 족발 제대로 못먹음. 그리고 배달하는분 왜케 어리버리함? 요기요에 주문시 요청사항 써놓은거 보지도 않고 손님을 여러번 똥개 훈련시킴? 그리고 여긴 국물류나 음료도 기본으로 안줘서 먹다가 목맥힘.
8042,맛있긴한대 그쫄깃한맛이 조금사라진듯
8051,야들야들 맛있어요? 특히 족발 특유의 냄새에 민감한 분들에게 추천 ~*
8099,배달ㅜㅜㅜ 업체면바꿔야겠어요 막국수와 주먹밥족발 변함없는맛굿입니다
8125,맛은 평범히 맛있음. 절대 맛없지 않은데 특별히 더 맛있지도 않음. 족발에 인생을 걸었댔나 어디 그렇게 적혀있어서 기대 많이 했는데 그정도는 아녔음. 막국수도 맛있음. 양이 문제임. 28000원짜리 시켰는데 둘이서 좀 먹으니 없음. 주먹밥이랑 리뷰이벤트로 받은 막국수 아녔으면 28000원짜리 2개 시켜야 할 정도의 양이라고 봄.
8127,배달은 빨랐으나 맛이나 양은 정말 아니네요. 리뷰가 많아서 시켜봤는데 왜 많은건지 원...
8141,배달 한시간 넘었는데 안오네요..맛은 맛있을꺼니깐 괜찮은데 배고파서 죽을꺼같아요 괜찮아요 아직 안 죽었으니깐....ㅎㅎㅎ
8151,배달이 빠르고 서비스도 좋았지만 족발에서 발썩은 냄새가 나서 거의 손도 못대로 다 버렸네요 한동안 족발 못먹을듯
8199,냉채족발에 살이 아예없군요 쟁반국수는 좀 많이 달아요 불족도 비계위조예욤 살아먹고 싶었는데 아쉽 ㅠ
8207,다음에도잘부탁해욯ㅎㅎㅎㅎㅎ
8221,족발은 맛은 괜찮았는데 음식이 새어나오고... 밀봉된 반찬통도 제대로 랩핑이 안되어서 이것도 국물이 새어나온채로 배달왔네요. 나무 젓가락이 젖어서 쓸수가 없었네요..
8250,맨날 시켜 먹는데 요기요로 처음 주문해봤어요 처음으로 족발 보쌈 세트 주문했는데 둘이서 먹기엔 양이 너무 많아서 남겨놨다가 데워서 먹었는데 그래도 맛있었어요ㅎㅎ 근데....배달이 너무 늦게왔어여ㅜㅠ 그래도 맛있고 맛있으니까...또 시켜 먹을거에요ㅎㅎㅎㅎ
8280,점점 맛이 없어져요.
8305,두번째시킨건데 불족은 첨 시켜봤는데 잡내가 좀나서 실망했어요 그러나 앞다리는 역시 맛있었구요 서비스주신 막국수 달달했네요 상추랑 절임무는 좀 허접해서 손이안갔네요ㅠ
8309,불족 앞다리랑 막국수 진짜 맛있는데 2명이서 먹었는데도 가격대비 배가 덜차네요. 배달은 빨랐고 기사분도 인사 잘 해주셨습니다!
8313,양이 적었지만 맛은 깨끗했어요
8314,맛은 항상 조아요
8331,족발에 냄새도 안나고 맛있게 먹었어요 불족은 저한테는 안매워는되 애들은 맵다고 하네요
8342,막국수이벤트끝났나보네요 댓글 안씀
8348,본점이라해서 뭐 특별난거 있나했는데... 서비스 막국수도 여긴 안주네요... 맛은 다 비슷비슷 먹던데서 먹어야겠어여
8371,지난번 배달때는 불어서 면한가닥도 분리안되는 막국수가 와서 별점을 조금 줬습니다. 그랬더니 이번에는 불족을 일부러 못먹을 만큼 맵게 만들어 보내네요 이제 다신 여기선 안 시켜먹어야 겠네요
8406,배달하시는분이 일이 힘드셔서 삶의 활기가 필요하신건지. . . 쥐불놀이를 하다 가져다주셨나봐요 어쩐지 전해주시고 허겁지겁 문을 닫고 나가시더이다. . . 족발은 맛있어요~ 배달만 조심히 가져다주시면 좋겠습니다
8417,맛있게잘먹었습니다 깔끔한편이예요~
8462,막국수 맛있기 힘든데 달달하고 족발이랑 같이 먹기 너무 맛있었어요!! 나중에도 또 시켜먹겠으려구룡 오늘 잘먹었습니다♥?
8478,대 사이즈가.. 너무 작아요.. 맛도 보통입니다만 배달은 빠르고 좋았어요
8483,마늘족발 처음 먹자마자 살짝 매운맛이 났는데 밑에 깔려있는 소스랑 섞어먹으니 그때서야 달짝지근해서 완전 맛났어요. 냉채족발+마늘족발 세트도 판매했으면 좋겠어요. 배달이 40분걸린거랑 빨간보쌈무가 맛이 좀 없는게 아쉬웠지만 재주문 할 예정입니다.
8504,양이 조금 적네요 그것빼곤 모두만족합니다
8506,배달은 엄청 빠르네요! 양 보통 맛 보통 :)
8507,맛은있는데 족발이 너무 뻑뻑살만 많이왔어요ㅜㅜ 애기자고있어서 전화주시라했는데 벨도누르시고..
8520,맛잇엇어요 감사해용~~~
8542,ㅡㅡㅡㅡㅡㅡㅡㅡㅡㅡㅡㅡ
8544,소자는 1인분이네요~~ 맛도 그냥~
8570,족발대자양이 너무한거아니요 이젠그만시켜야하나
8591,배달이 너무 늦게 와요. ㅠㅠ
8592,진짜 35000 원짜리 족발양이 너무하네요 떡복이는 주다가만 양이고 실망이크네요
8596,반반중짜딩 양도 부족하고 맛도 없구 배달만 빠르고 다신은 ㅜㅜ
8605,양은 2명이서 먹기 충분했어요. 족발떡볶이튀김주먹밥은 그냥그냥 먹을만했어요. 다만 막국수가 너무 달더라구요. 막국수 좋아해서 항상 다 먹는데 여기껀 몇 번 먹다 다 버렸어요. 그냥 그랬지만 또 시키진않을 것 같아요. 무엇보다 배달이 한시간 이상이 걸렸네요.
8611,반반소시켰는데 족발양이원래저래요? 28000치고너무심하네요ㅡㅡ족발이무슨 몇점?다잘라져있고 너무하네요
8634,ㅎㅌㅊㅎㅌㅊㅎㅌㅊㅎㅌㅊ
8635,음식은 평범했고 너무 불친절 하네요. 공지는 잘 보이지도 않은데 바로 옆임에도 주소가 정확하지 않다며 “현금으로만” 3000원을 더 달라고 요구하는데 어이없네요. 가격은 시중 돈까스에 비해 비싼데 왜 배송비는 따로 받나요? 게다가 두 개를 시켰는데 젓가락은 하나만 보내주고 전화는 먼저 끊어버리는 등 너무 불쾌했습니다.
8699,음.양도많고 배달도 빨랐는데..생각보다 소스가.너무달아서....금방질렸어요ㅠㅠ 그게좀아쉬워요ㅠㅠ
8732,양 많아서 남겼어용 맛있구 두툼하구 좋아요
8743,소스가 나완 안맞네요
8809,양이 많이 줄어든 것 같네요. 생선가스 곱배기가 맞나 싶을 정도고... 더 심한건 수프... 예전엔 꽉 채워보내주시더니 이제는 절반정도 밖에 안 넣어주시네요 예전에는 양이 정말 많아서 가격은 비싸도 아깝지는 않았는데 앞으로 11000원 내고 이거 먹을 일은 없을 것 같아요ㅎㅎ
8814,문두드리지말고 그냥 앞에 놓아두시라고했는데 밤늦게 시끄럽게 두드리시네요 맛이나 양은 너무 만족스럽습니다
8815,맛있어요 근데 양이 너무 작아요ㅜㅜ
8820,맛있어용 매워서 스트레스 확~ 날아가용~
8826,배달도 안왔는데 배달 완료가 떴네요 뭐하는 건지 다시는 주문 하고 싶지 않아요
8832,배달이 점점 느려져요 그것빼곤 만족입니다
8836,배달도 1시간 넘게걸리고 보통맛이 무슨 미친듯이 맵고.. 설명이라도해놔 OOOOOOO 전화해서 따지니까 순한맛이 매콤한거고 보통맛이 매운거라고? 매운맛은 OOOOOOO OOOOO
8842,오돌뼈 매운맛.. 리뷰보고 선택햇는데 마냥 맛있게 매운느낌은 아니고 매운음식 잘먹는 편인데 5번 정도 먹고 바로 위가 꼬이는 통증 시작 3일 고생 ! 맛이 없는건 분명 아닌데 음식이 내려가면 통증으로 괴로운...
8858,맛도 괜찮고 양도 좋아요 근데 배달이 별로네요 개가 집에있으니 음식을 두고 가라고 신경써서 메모를 썼는데 아예 무시하고 벨도 누르고 문까지 두들기니 개가 정신없이 짖어댔어요 그냥 두고 가라고 말했더니 미안하다는 사과도 없네요
8871,닭발이 100사이즈라면 여긴 200사이즈..배달 한시간걸려왔고 배달시간만 빼면 여러모로 좋은듯.다음부터는 한시간 정도 뺘놓을수있는 시간 생각해서 미리 주문해야겠다란 생각으로 닭발을 먹었고 일부러.유리문비번도 쳐놨는뎅 밖에서 오토바이 클락션 누르고...추운데 음식 받겠다고 받는데 카드결제하는데 덜덜떨먄서 음식들고 기다렸네요.그거 싫어서 출입문 비번 알려드린건데..다음부터 요청사항에 있는것 잘 들어주셨으면 좋겠어요.
8902,순한맛 시켯는데도 너무 매워서 먹을수가 없었어요 정말ㅠ 엽떡도 볼케이노도 잘먹는데 여긴 입이 아픈맛이에요..... 두개먹고 못먹엇네요
8907,이집은닭발장사접어야할듯 닭발이질기고 뼈발골이안됨
8941,예전보다 더 양도 적고 닭발도 질이 않좋은 거 같아요 항상 여기서 시켰는데..
8989,ㅎㅎㅎ닭발 중간맛으로 시켰는데..어쩜 이리 하.나.도 안매울수가 있는거죠? 순한맛 정도도 아니고..그냥 싱거워요ㅎㅎㅎㅎ 싱거운닭발 첨 먹어봐서 헛웃음이..저번에 시커먹었을땐 괜찮았던거 같은데ㅜㅜ 색깔과 반전인 맛에 깜놀했습니다^^;;
8992,일단 음식이 미지근함 그리고 떡이 딱딱함 덜 익은것같은 느낌 음식대충한느낌이네요
8996,숟가락을 달라고 메모 했는데 안 왓넹 화가 납니다 맛은 그나마
9008,양이 좁 아쉽내요 양좀많았으면
9014,닭발 살이 거의 없네요 ㅜㅡㅜ 순한맛인데 엄청 매워서 먹다가 남겼네요 ㅜㅡㅜ 살이 통통하고 순한맛이길 기대했는데 ㅜㅡㅜ 아쉬움이 크네요. 순한맛 시키시는 분 꼭 순하게 해달라고 메세지 남기셔야 할듯요. 참고하십시오.
9017,배달이 좀 많이 늦었습니다.맛있다고해서 시켰는데 많이 실망했네요..맛있긴 한데 이렇게까지 기다리고싶은 맛은 아니에요.
9035,악 다 막 뒤죽박죽 섞여서 왔어요 배달할때 발로 가져다주시나봐요 편하게 먹으려고 배달시킨건데 불편하게 먹었네요 다음 배달은 잘 좀 부탁드릴게요~
9036,뼈없는닭발 달구 양이 넘 적어요
9088,굿굿항상맛있습니당~~
9089,닭발은 여기서만 시켜먹는데ㅎ 이번엔 양이 정말 너무 적음ㅎ
9091,순한맛. 시켰는데 매워서 도저히 못 먹겠어 두개씩 먹고 다 남겼어요
9099,양만좀조절하면좋겟습니다
9162,배달은 한시간 넘게 걸렸지만 맛은 있었어요! 같이 시킨 날치알 주먹밥이랑 딱이었습니다! 매운걸 못먹어서 가장 순한맛 시키고 배달 요청사항에 최대한 안맵게 부탁드렸더니 많이 안맵게와서 좋았습니다!
9180,리뷰에 양많다는 리뷰가 간간히 보여서 좀 기대했는데 많진 않아요..그래도 맛있었습니다
9217,닭발에 치즈 추가해서 주문해서 먹었는데 양도 많고 맛있었어요~~!!!
9220,맛은 괞찬은데 너무 늦네요한시간 넘게 기다렷오요 ㅠㅠ
9227,항상 맛있었는데...오늘은 양도 적고ㅠ 다음에는 안그러길 바랄게용
9235,양념 맛있어요 닭발 너무 흐물거림 불은 닭껍데기 먹는느낌 좀 덜 뿔려주세요
9267,한시간 넘게 걸렸지만 항상 먹던곳ㅜ
9271,오늘2시간걸렷네요 오늘진짜화가나네요 눈이와서 이해는하는데 ㅠ 닭발도 다식어서 먹지도못하겟고 오늘 정말짜는나네요 실망했어요
9272,통뼈닭발맵구 맛잇네요
9285,좀늦게왔어요 깻입들어가서. 제입맛엔별루
9291,ㅠ ㆍㅠ 불에 마니구워주시라고 말씀드렸는데 반은 굽지도않아서 닭발냄새가 심해서 반은버렸읍니다~ 바쁘시더라도 조금만 성의있게 확인한번하시고 배달부탁드려요
9302,오돌뼈가 오늘은 이상하게 왔네요 지금까지 먹던 맛도 모양도 다르더라구여. 양념도 부족하고.. 막창은 예전보다 돼지냄새가 더 나는 것 같아요ㅠㅠㅠ 오늘 이래저래 좀 아닌 것 같아요... 하지만 누룽지로 바꿔주셔서 감사합니다.
9305,솔직히 리뷰가 많길래 제대로확인 못하고 주문했는데 오돌뼈에서 냄새가 너무너무심하게납니다...; 제가 주문한오돌뼈는 상태가너무 안좋았어요ㅜ 계란찜이랑 주먹밥은맛있게먹었는데 정말 오돌뼈는 냄새가 너무심합니다...
9309,완젼실망했네요~ 마트파느것보다 맛없어요~~~
9315,음료도 주문했는데 안왔네요 신경써주세요
9333,리뷰보고 첨 주문했능데 넘 맛있고 매워서 입에서 침이 줄줄 ㅋㅋㅋㅋ 다만 배달이 넘 느려요 ㅠㅠ 아들녀석이 연신맵다면서도 잘먹네요 계란찜도 좋았어여 담번에 또 주문할께요 ^^
9346,딱히 할말이없음... 닭발 물에 불린맛이 너무 났음...
9378,매운건 어쩔수없다지만 양은 정말적네요 맛은 보통..ㅂ
9394,양이 너무 적습니다.
9403,불맛 양념이 맛있었어요. 양은 엄청 적네요.. 대짜 시켰는데.. 살은 없구 뼈만..
9407,음 다 좋은데 쿨피스가 안왔어요 ㅠ 매워서 시킨건데 ㅠ
9412,기대가컸는지제입맛엔별루였어요~
9419,마시쪙.... 담날 똥꾸멍에서 불나지만 마시써요
9422,굉장히 자주시키는 음식점이고 시키는 메뉴도 두개밖에 없어 바뀌면 바로 압니다. 원래 리뷰 안달려고했지만 사람들도 똑같이 생각하고 있는거 같아 남깁니다.. 오돌뼈 진짜 심각하게 이상해졌어요. 저번에 시켰을때 처음으로 남겼습니다ㄷㄷ 제발 원래대로 돌려주세요!!ㅠㅠ
9430,나쁘지 않아요 먹을민해요
9436,배달 예정시간보다도 늦게오고 비린맛이 낫음 ㅠㅠ
9443,너무 새까맣게 타서 암걸릴거같네요 잘라내도 양념에 까만 가루가 범벅..
9447,좋은점 새벽에도 아침에도 시킬수있음 안좋은점 1만5천원 양이 저정도임 십창렬... 맛은그럭저럭 그리고 닭고기가 다 조사져있음...다시는 안시킬듯.. 쥬시쿨 서비스로 준건 좋은데 1만5천에 양이 창렬이라 줄만함
9448,닭발은 양 많은가보네요...... 이건 너무 심하지 않나요? 15000인데 양이 너무 심해요 원가 오천원은 나오나요?.. 이건 너무하잖아요ㅠ 크기는 손바닥크기정도인데 한층으로만 깔려있어요 집어먹은 부분 집어먹자마자 바닥보임 ㅋㅋㅋ 진짜 너무 노양심 아닌가요 이정도 양은...............
9454,맛있는데 소자 20000원어치에 계란찜까지 시켰지만 둘이 먹기에 양이 적네요 양념장좀 같이 보내주시면 좋겠어요
9467,닭발 먹고 싶을때 먹을만해요
9482,맛은 괜찮은데 양이 넘 적어요.
9493,와나 한달에 7번은시켜먹는집인데. 이게오돌뼈인가요 글구 닭뼈는 4개씩먼가요 아 진짜
9506,추가한 콜라가 미배달됐습니다 다음 주문때 준다고 하네요^^
9512,////////////
9515,맵기만함 맛없음 왜맛있다하는건지 이해할수없음
9524,양이 너무 적어서 아쉽네요.
9525,매운것보다 달기만 하고 오돌뼈에서는 머리카락 나오고 자주시켜먹었었는데 실망이네요
9532,자주 시켜먹는데맛잇어요
9534,양 정말 작아요~ 맛도 별루네요~ 압구정닭발 먹다가 반반이 되서 시켰는데.. 매운거 못 먹는 애가있어서 찾다가 시켰는데.. 다 매워요~~~ 불맛 보다는 탄맛이 더 강해요.. 계란찜 서비스 없고 콩나물국이 다네요..헐~~~
9539,문 두드려 달라고했지 문앞에 주라고 하진 않았는데 두드리고 문앞에두고 그냥 슝 가셨네요. 맛은 있는데 배달이 쫌 그릏네요!!!
9566,솔직한말로다가 가성비 제로
9569,닭발을 1단계로 시켰는데도 되게 맵네요 ^^ 맛은 괜찮은데 양이 좀 적습니다
9585,맛은 있는데 양은 너무 적었어요 ㅠㅠ 매운맛 젛아하시먄 좋아하실거에요!
9588,배달 느린거빼고는 다 괜찮음
9591,양이 좀 적었습니다.맛은굿
9603,맛있어요 양이 적어서 아쉬워요 매운맛이 좋네요
9606,닭발 안맵게 해달랬는데 순하게해주셔서 너무잘먹었어요 감사합니당 항상 맛있게먹고있어요^^* 그런데 배달오신분 태도에 기분이 상당히나빴습니다 제가 주문한곳이 2층인데 1층에서 연락주시면 내려가서받겠다 했더니 곧 도착한다고 건물앞에 나와있으라 전화와서 1층으로 와달라하고 끊었는데 다시 전화와서 건물 바로앞 도로인데 어디계시냐고해서 비오는데 우산이없어서 못나간다고 1층으로 와달라고 다시말했더니 건물을 한바퀴 돌았다 시간버렸다 어디냐 짜증을 내셨습니다 원래2층인것을 1층으로 와달라는 말 계속 무시하고 건물 앞으로 부르고 그러지마세요 화나요
9609,배달도 친절했고 맛은 정말 맛있게 잘 먹었는데 양이 지나치게 적은거 같아요. 두 사람 이상 같이 먹으려고 주문하시려면 많이 감안 하셔야 할 거 같네요.
9616,다 좋은데 양이 항상 아쉬운 부분이죵 ㅠ
9620,이천원올랏는데 맛은 왜이러죠 .. 그바싹구운거같은 직화맛이 잇엇응데 오늘시킨건 매운 제육볶음네요.. 후회막심
9625,맛있지만 양이 항상 부족해요 ㅠㅠ
9627,맛은 끝장남정말 지존인듯...ㅋㅋ
9635,배송 빨라요 먹을만하구요
9636,맛은 별로.. 2단계시켯는데 안맵고... 맛도 그닥.. 배달은 빠르고 양은 많아요
9651,장점은 배달 빠른거외엔 없습니다 양은 보시다시피 주변 호프집보다 적은수준 서비스로준 콩나물국은 삶고나서 나온물을 그대로 따라서준건지 비린내가 나서 먹질 못하겠고 사진에 보이는것처럼 아무리 직화라도 탄게 너무많습니다. 양념뿐만아니라 닭발자체도 탄게 있습니다. 여러분 그냥 믿고 거르셔도 될겁니다
9655,맛있는데...!맛있는데...ㅠㅠ 양이 너무 작아요
9663,양이 가격대비 너무 적어요 ㅠ 맛은 있는데....
9669,음 일단 뼈있는 닭발 시켰는데 그냥 닭발이 왔구요! 원래 콩나물국은 두개주는건가? 잘 모르겟긴하지만 콩나물국 다 새고 닭발에 묻어있고 그랬어요! 날이 추워서 배달아저씨가 고생하시다가 실수 했나봐여ㅜ 다른 메뉴배달온거랑 봉투안에 콩나물국 파티 연 대가로 배달점수는 2점 맛은 새벽에 생각났을때 그냥저냥 해결할 정도로는 있는것 같아요!
9682,이게 2만원짜리 대자 맞아요?
9684,맛좋은 닭발인데 양이 너무 아쉬워요 ㅠㅠㅠ 그래도 다음번에 또 시킬껀데... 양이 좀 많으면 좋겠어요. 주말 배달시간 좀 넉넉히 예상하고 주문하세요
9694,리뷰에맛있다고해서 기대하면서 주문했지만 기대를 너무 많이 했나봐요.... 양이 너무적고 맛도 그렇게 기대한만큼 맛있지는 않네요.... 1단계도 너무 맵네요 다시 또먹고싶은 생각도 안들고 다신 돈주고는 사먹지않을거같네요... 기대한만큼 실망이크네요
9695,그냥아예안매움 신라면보다싱거움 깻잎은왜..... 별로에요 ㅠㅠ
9696,여러군데 주문해봤지만 이런 국물닭발은 저음인듯해요 완전 매운탕입니다 닭발에 양념이 하나도 안베인게 보이시나요??냄비에 넣고 다시끓이고 있는중입니다
9698,닭똥집먹자마자 비릿내서 맛없어요
9700,점점 닭날개가 작아지는거 같아요 ㅎ
9709,25분만에 와서 좋긴했는데요 떡볶이 담은 용기 뚜껑이 살짝 열려있어 국물이 다 쏟아졌네요... 여기저기 묻은거 닦느라 쫌.... 빨리 안오셔도 되니 봉투에 담기전에 음식들 체크좀 해주세요
9736,떡볶이는 괜찮았지만 당면은 다 뿔어서 못 먹고 버렸어요 볶음밥은 냉동인지 해서 놔둔지 좀 된건지 탄맛이 나고. 샐러드가 제일 맛있었어요
9741,제입맛엔 아니네요. 독특한 맛이예요. 좀 짜고 떡은 밀떡이고 어묵은 저렴이예요. 볶음밥은 냉동인것같고 느끼해요ㅜㅜ 샐러드는 신선합니다.
9788,주문한지 80분이지났는데 아직도 안오네요 기다리다가 배때지곪아죽것네여
9827,맛은좋은데배달이너무느립니다...
9853,맛있어요 근데 국물이 한개도 없이 뿔어서 와서 아쉽네요 ㅠㅠ
9862,약속된 시간보다 늦고 맛도 맵기만하고 양도 적었습니다
9869,세트메뉴 구성은 여기가 최고인듯해요!!
9878,맛은 있는데 양이 작아요..ㅠ
9889,양 많아보이려고 양배추가 1/4만큼 들어가있음 배달 분식 특유의 안쫄이고 국물만으로 간을 한게 느껴짐 그만큼 배달은 빠름
9897,배달비 받네요. 양 적어요. 떡볶이 많이 없고 애들이 별로 안 좋아하네요. 저는 개인적으로 크림떡볶이와 김치볶음밥이 좋았습니다! 전체적으로 양이 적어요.
9900,튀김이 정말 바삭하고 맛있었어요~ 떡볶이랑 샐러드는 소소합니당 양은 정말 작긴한거같애요 다른거를 좀 줄이더라두 떡볶이양이 좀더 많았음 좋겠어용 가격대비 양이적은듯해요
9905,배달도 느리고 떡볶이도 오래된 느낌이였어요
10063,떡복이가 맛잇엇으면 그래도 한시간반 기다린 시간이 아깝진 안을꺼 같은데 ㅠㅠ 제 입맛엔 넘 안맛네요. 급하셔서 빨리 만들어서 그러신건지 떡볶이가 맵기만하고 간이 안되어 잇어요 ㅠㅠ 후기가 좋아서 시켜봣는데 아쉽네요.
10068,양이..너무..맛은 엽떡..
10111,볶음밥 너무 하다. 떡볶이 밀떡은 왜 이래? 그나마 샐러드네 ㅜ
10167,튀김 다 작음 특히 오징어랑 김말이는 더작음 세트떡볶이는 길거리음식1인분 정도 주먹밥 추가 안했으면 배고플뻔.. 맛은 있는데 양이 너어어어어어무 적네요
10182,ㅈㅈㅈㅈㅈㅈㅈㅈㅈ.
10209,흠. 평이 너무 좋아서 샀는데 그냥 그래요. 가격대비 양도 적은거 같아요 ㅜㅜ 샐러드는 맛있네요.
10229,리뷰이벤트참가라했는데 돈까스가 안왔네요 그리고 배달기사가 바뀌었나봐요
10246,배달을 엄청늦었고 맛은 보통입니다
10266,기대하지 않았는데 맛있어요~~넘 늦게 와서 서비스도 주셨네요~~^^*
10271,맛있고 양도 괜찮아요!!
10274,동생이 시켜먹어서 오지구요
10293,배달도빠르고 맛도있슴니다
10296,빨간 떡국이 왔네요 ㅋㅋㅋㅋ먹으란건지 소세지랑 단무지가 제일 맛있네요ㅋㅋㅋㅋㅋㅋㅋㅋㅋㅋ
10311,배달이 쫌 느리네여ㅠ 맛은 있는데 떡이 너무 없어여
10399,소세지 없어짐 치즈 거의 없다고 보면됨 사진 보면 알겠지만 용기에 반의반정도 양ㅋㅋ전에 먹을때랑 너무 다름
10461,3~4인분 시켰습니다. 배달요청 시간에 딱맞춰서 오셨으나 단무지는 1인분양에 새우튀김 메뉴추가해서 시켰는데 칠리소스도없고 그 흔한 간장 하나 없고 맛도 일반 분식집보다 못하다고 느꼈어요 다시는 안먹을래요
10462,솔직히 가격대비 정말 별로임.... 맛이없음
10523,솔직히 맛이 없네요.. 오뎅도 저품질 제품인것 같고 조스떡볶이 같은 곳이랑 비교했을때 맛이 없어서 얼마 못먹았네요..
10525,늦게옴맛있음ㅊㅊㅊㅊ
10533,비싼느낌 비싼느낌 비싼느낌ㅈ
10544,먹기는 잘 먹었는데 분명 카드결제라고 했는데도 안되는 리더기 가져와서 현관에서 한참하더니 결국 안되서 번거롭게 현금결제했어요 다음에는 잘 확인하고 가져오셨으면..
10556,저번에 매장의 실수로 추가금액을 냈는데도 불구하고 계란 만두 소세지가 오지 않았고 음식의 내용물엔 떡과 오뎅뿐이었어요 전화해서 여쭤보니 빠진거같다 다시갔다주냐고 하시길래 번거로우실까봐 다음에 빠진거만큼 넣어달라고 했고 알겠다 다음에 전화로 꼭 말해달라 했어요 며칠전 친구들이 놀러와서 또다시 주문을 했고 빠진만큼 넣어달라 전화를 드렸는데 의심하는 말투에 계속 물어보시고.. 제일 먼저 시킨곳이었고 바로 집앞인데 배달도 제일 늦고 매운맛 조절도 안돼있고 두번째 시키는건데 여러가지로 기분상하네요 친구들도 기대했는데 실망이라고 하구요
10561,여기 음식가지고 장난질을 치네요 아무리생각해도 열받아서 또 하나올립니다 추가도 돈을 받고하시면서 그거가지고 장난질을 하시면 안되죠 앞으로 여기서는 안시켜먹는게 나을꺼같네요 혹시 여기서 배달시키실려는분들 이점은 알고 배달시키세요 돈은 다 받아먹으면서 음식가지고 장난칩니다
10563,양이 진짜 많네여 떡볶인 맛있는데 ? 닭볶음탕은 너무 달아요 ... 비추입니다
10581,국물도 쏟아져왔구 맛도 밍밍하고....기름은 또 둥둥....절반도 못먹고 버렸네요 ㅠㅠㅠㅠ떡볶이 집이라 닭발이 맛없나봐여;
10583,음식맛과 양 모두 좋으나 배달이 너무 늦음..
10587,리뷰가 좋아서 오래걸린다고 듣고도 기다렸는데 음식하는게오래걸리는게아니라 배달이 밀려서 늦게온거같네요.다 불어서 오고 계란찜은 식고 배달이 밀리면 사람 더 불러서 쓰시지 주소보고 다른곳 다 돌고 주신듯.기본으로 들어가있는 치즈양도 많지도않고 주먹밥 밥도 다 부셔지네요. 배달부분 좀 신경써서 음식을 받았더라면 이보단 좋았을거같은데 본래 맛이 어떤지 못 느낀거같아서 좋은 평을 남기기 어렵네요.다들 참고하시고 시간 오래걸린다고 하면 본인 집에 배달 늦게온다는점 생각하시면 될듯해요.
10590,먹을만해요 ㅎㅎㅆㅎ
10591,국물많이달라고햇죠 왜 떡볶이에 국물이 없는건가요 다식어서 국물이 쫄앗어요 개다가 안매운맛 너무맛없습니다 다신안시켜먹겟습니다
10602,맛잇게 잘먹엇습니다
10608,오늘은 불난오뎅을 시켯는데 떡이 훨씬 많이 왓네요...
10616,맛잇어요 ! 리뷰쓰면서도 또 먹고싶네요 ㅋㅋㅋ
10619,배달 1시간20분걸리고 단무지도 안왔네요. 단무지 없음 먹기 좀 그런데..
10632,양도 정말 많고 엄청 맛있어요!!! 사실 딴곳 주문 하려다 여기 했는데 진짜 좋았어요 다음에 또 시켜 먹을거 같아요
10655,한시간 넘도록 오지않네요.
10683,이번에는 떡이 다 뿔어서 왔네요..
10685,여기 배달친절하고 먹을만해서 자주시켜먹었는데 오늘 왜이런지 다이상하네요 배달 한시간 반 걸리고 떡은 다불어있고 친절하던 배달도 이젠 그냥저냥 초심을 잃으신건지 다신 안먹을거같네요
10694,떡복이는 매우 맛있었지만 계란찜의 배달상태가 매우 나빴습니다 포장을 더 잘해주셨으면 좋겠어요
10696,아니 불난떡볶이로 시켰는데 오댕이 뭐이리 많은지 오댕 심지어 많이 먹었는데도 끝ㄴ없네요 2번째 매운맛으로 선택했는데 떡볶이 떡도 밍밍하고 리뷰좋아서 시켰는데 실망입니다..
10700,배달이 좀 느린것같았지만 맛있었다
10720,너무 늦어요 배달이
10743,좋아요하지만 떡볶이가 걍 맵기만함
10762,저희집은 엘리베이터 없는 5층입니다. 추운날씨에 힘들게 올라오셨다는 건 알지만 짜증난다는 듯 문은 쾅 닫고 가셔서 기분이 좋진않네요. 떡볶이도 국물없이 다 쫄아있어요. 만든지 시간이 오래지났나봐요. 주말이라 기분좋게 하루를 쉬고 싶었는데 덕분에 망쳐버렸습니다.
10782,배달도 넘 늦고 떡볶인 퉁퉁 불어 못먹고 다 버렸어요.. 다시는 안 시킴
10794,그냥 그저 그랬음 역시 예전이 더 좋았음
10814,배달은 빨리와서 좋았는데. 떡볶이 맛은 밍밍해서 제가 원하는 떡볶이는 아니었네요..그래도 무뼈닭발은 괜찮았어요
10815,맛은 있었는데 생각보다 땀나고 혀가불날정도로는 맵지않아서 아쉬웠어요 하나 불만인건 배달요원이 뛰어와서 그런건지 포장을 제대로 안해주신건지 계란찜은 반쯤 열려서 봉지에쏟아져있었고 떡볶이 통은 아래가찌그러져서 뚜껑이 살짝열린건지 새서 주먹밥담는곳이랑 단무지에 다 묻어있었어요 신경좀 써주세요
10847,절대로 이 집 순대는 시키지 마십시오. 제가 떡튀순 중에 순대 제일 좋아하는 사람이고 집에 나는 가스냄새도 못 맡아서 룸메가 걱정하는 사람인데 여기 순대는 비린내가 너무 심하게 나서 반도 안 먹고 버렸습니다. 떡볶이는 먹을만해요. 양도 괜찮고. 그래도 삼천원 땅에 버리실게 아니면 순대는 시키지마세요.
10864,헐 자주시켜먹었는데 오늘은 너무 실망 ㅠㅠ치즈는 딱딱하게 굳어오고 떡이 국물을 전부 흡수해서ㅠ왔네여 배달도 1시간30분이나 걸렸는데 아무래도 비가와서 차가 막히느라 그런거겠죠??그럴거라 믿을게용ㅜㅜ
10870,비가 오는 날이라 주문이 밀려서 그러셨던 건지ㅠㅠ 계란찜을 안 보내주셨더라구요ㅠㅠㅠ 기대했는데ㅠㅠ 그래도 맛은 정말 보장합니다! 엽떡보다 건강하면서 자극적인 맛? 정말 맛있습니당~ 강추해요! 다음에는 계란찜 잊지말고 주세요ㅠㅠㅠ
10874,맛은 있는데 너무 심하게 짜요ㅜㅇㅜ
10889,맛있었어요~
10894,음식 준비에서 배달까지 1시간 정도 걸렸습니다. 보통 다른 떡볶이 집보다 양은 적은 것 같았어요. 양에 비해 가격은 좀 있는 편인듯 했습니다. 그리고 치즈 추가 하지 않으시면 치즈 양이 좀 적어요! 만약 치즈 가득을 원하시면 추가하시는 걸 추천합니다.
10900,매운맛으로 시켰는데 엽*떡볶이보다도 매웠어요ㅠㅋㅋ 배달은 55분 걸린다고 문자 왔는데 실제로는 1시간 15분정도 걸린거 같아요 배달시간이 좀 덜 걸리면 좋겠어요!
10906,어묵이 많아서 상대적으로 떡이 적어보이긴하지만 김말이까지 시켰는데 떡볶이따로 김말이따로 두번 배달왔더군요 배달원들 힘들게 두번오셔서 생색내진 않았지만 미리결제해서그런지 배째라는방식으로 늦게왔는데도 사장님은 서비스도 않주시고 김말이는 오래되서 눅눅한거 대충 데워서 주셨네요 다음부턴 절대 이용안할께요 많이파세요^^
10918,평소에 오매떡만 시켜먹다가 오매떡보다 리뷰가 많아서 시켰는데 솔직히 양념이 너무 맛이 없네요. 몇개 먹고 버렸습니다. 앞으로 재주문은 안할듯요.
10921,그냥 떡볶이임 그럭저럭
10925,요 근래 먹은 떡볶이중에 제일 별로였습니다.. 특히 당면 추가해서 먹었더니 면이 소스를 다 먹어서 팅팅 불어서 왔네요. 맛도 그냥 무난한정도지 다시 시켜먹을 정도는 아니었습니다
10926,매운양념에 물을 잔뜩넣어서 맛 조절을하시는거 같아요 온통 하얀떡에 국물은 하나도 안보이는떡볶이는 처음 받아봐요
10927,맛도별로 양도적고..
10933,배달시킬때마다 너무 느리고 배달도 성의없게 포장해주시네요.. 건대후문에 있는데는 진짜 정성스럽게까진 아니더라도 정상적으로 갖다주시고 30-35분이면 오는데 여기는 배달이 엉망이고 너무 느리네요ㅠ 계란찜에 단무지 올려줘서 계란찜 다 눌리고 찌그러지고 밑으로 국물 다 새서 뚝뚝 흐르고 .. 정성까진 안바래도 정상적으로만 배달해주세요 저번엔 튀김도 오래된건지 다 말라비틀어지고 여러번 튀긴거처럼 까맣고...
10937,아직도 안옴....아직도 안와.. 온다고 약속한 시간이 10분이나 더 지났는데 안오네오... 아......
10942,이걸 2시간이나 기다리면서 먹었다니 참 낚인기분.
10952,너무 맛있어서 매번 잘 시켜먹구있었고... 오늘도 배달원분은 너무나 친절하셨는데요..... 음식을 먹다가 안에서 머리카락이 나왔습니다... 세번 시켜먹는동안 이런일이 한번도 없었는데 당황스럽습니다... 저는 머리가 매우 긴 여자구 밝은 염색모라 제 머리카락은 절대 아닌데... 여튼 너무 당황스럽네요.... 일단 떡볶이는 여기서만 먹으니 다음번에도 시켜먹긴할건데..... 주의 부탁드립니다...쩝ㅠ.... 찝찝하네요.. 맛은있었어여...
10955,맛잇구 되게 종류도 다양하게 나와요
10957,여기맛있어요ㅎㅎㅎㅎ
10967,양이 매우 적음... 기대보다 부실... 메뉴선정 실패 역시 사람들 리뷰를 보고 많이 시키는거 먹어여한다는걸 뼈저리게느낌
10970,두개 먹었는데 양 실화 ? ㅋㅋ
10971,맛은 있습니다만  가격대비 양이 적네요.~~
10973,저번에 시켰을 때 양보다 많이 적었어요 시킬 때마다 양이 다른 듯 양이 적어서 가격대비 별로...
10993,ㅇㅇㅇㅇㅇㅇㅇㅇㅇㅇㅇ
11006,김밥밥자체가 입안에서 다부서짐
11016,그냥그래요. 배달이너무늦어요. ....
11024,동생이 오지게 시켜먹어서 시러용
11065,배달도 한시간걸리고 오므라이스에는 야채같은거 없이 케찹이랑 밥만넣으시나보네요. 수제치즈까스시켰는데 치즈는 없고 사람들이 좋다하는 이유를 모르겠음.
11079,맛있다까지는 아니고 보통 나쁘다는 아님 비오시는데 배달 40분이면 만족 양은 인정.
11086,배달이 너무 늦어서 그렇지 맛과 양은 정말 만족스럽습니다
11087,밥이 이틀은된듯..그것도 찬밥..
11089,배달은 1시간이상 걸림...배고프기전에 미리 시켜놓으세요
11101,면이불어 떡됐습니다
11102,배달만 빠르면 너무 좋을텐데요
11106,아직 배달이 안왔어요..
11111,라볶이 시켰는데 떡볶이옴
11113,이사와서 처음시켜요~ 맛있어요~매번시켜먹을것같아용 번창하세요~~
11120,맛있는데 떡볶이 양이 너무 적어용 ㅠㅠ
11163,오늘따라 배달이늦었음....그래서 국도 다 식음..
11170,배달이 느려요 살짝
11179,배달 1시간40분 걸렸는데 가격대비 양도 많고 맛도 있음 무엇보다 저렴한 가격에 배달이 지려요
11186,아..배달이 55분 걸린것만 빼면 괜찮네요
11196,왜 안 오는거죠..? 아직도 안 왔습니다
11227,배달 속도 괜찮아요. 양도 넉넉합니다. 맛은 질고 약간 느끼해서 제 입에는 안 맞았어요. 그래도 먹긴 먹었습니다. 그런데 먹던 중에 음식에서 박스조각 같은 게 뭉친 게 나왔어요. 어떻게 하면 이런 게 들어가는지 모르겠네요. 비위 상해서 남겼습니다. 신경쓰세요.
11281,오랜만에 시켜먹었어요 배달은 여전히 느리지만 맛과 양은 여전히 굳굳굳굳굳구루구루구루굳이네요!!!!
11285,배달은 많이 느렸지만 양이랑 맛도 좋았고 1인분인데 배달해주셔서 감사했습미다. 생수도 서비스로 주셔서 좋았습니다
11350,배달 느리지만 음식 맛이 좋음
11357,제육볶음 시켰는데 제육비빔밥이 왔네요.. ㅠ
11369,제육비빔밥 시켰는데 왠 김치볶음밥...?
11384,리뷰가 좋아서 주문 했었는데 좀실망 스럽네요 한시간이나 걸렸구요 고기가 넘 안들어 있어서 그냥 비빔밥 같아요 밥도 좀 질어요 너무 기대를 했나봐요 그래도 한개도 주문돼서 그건 좋아요~~~
11386,고기는 다 어디로 갔나요?원래 주던 고기양이 반으로 확 줄어서 왔네요ㅠ
11391,하다좋운데제발배달요청사항좀..제발확인존해쥬세여
11400,제육비빔밥시컀는대 맛있었어요다른건다좋았는데 근데 문앞에놓고노크요청부탁드렸는데 벨두번이나계속누르고인터폰으로누구냐니깐퉁명스럽게문앞에두고갑니다쌩하고가는데 배달요청사항좀잘들어주셔ㅛ으면..
11404,배송 50분 걸린다더니 한시간 10분만에 오고 음식은 식어서 옴. 토욜 아침부터 기분 나쁘기 싫어서...후라이팬에 볶아서 먹었음.
11442,배달 이렇게 느린 곳은 처음이에요
11453,맛은 그럭저럭인데 배달이 한시간 반넘게 안옴
11460,쌀 맛없고 제육도 별로고 오므라이스도 기름이 너무많아서 느끼해요 돈까스는 맛잇어요 다신 안먹을 것 같지만 뜨끈뜨끈하고 양도 많아서 잘 먹었어요
11468,제육볶음 시켰는데 왜 제육 비빔밥이 오는건가요? ????
11474,나쁘지않코 무난한식당이네요
11479,배달 좀 늦어도 괜찮은데 이건 너무식어서왔네요
11490,자취하느라 한번씩 집 밥 같은 거 그리울 때 시키면 좋지만 맛은 김밥천국 보다 못해서 항상 아쉬워요 오픈 하자마자 시켜서 그런건지는 모르겠지만 매콤하고 간간한 제육볶음 기대했는데 간도 너무 약하고 양념 자체가 엄청 연하게되있어서 색도 붉지 않이런 제육볶음 처음 봤어요ㅠㅠ 그래도 음식에 예민한 성격은 아니라 그냥 저냥 배는 채웠네요 항상 같이오는 누룽지물은 입가심으로 좋은 것 같아요
11525,예상 배달 시간 60분 넘게 기다렸는데 ..
11527,배달시간 늦으셨어요...
11551,맛이고 뭐고 배달한지 1시간이 넘었는데 오질않네 무슨 문자로 오는 배달시간 못지킬꺼면 그렇게 보내놓질 말던가 이거 배달하나때매 집에 묶여있어야되는게 어이가없음 그리고 전화한이후 음식가지고 나간지 30분이 넘었단다 기사님이 그럼뭐 다 식혀서 먹을꺼면 그냥 편도 드세요 여기 시켜먹지말고~ 1인분 주문되서 괜찮다 생각했는데 그냥 노답임
11629,맛 보통 가격대비 양은 최악
11633,배달시 주문사항에 벨누르지마시고 전화달라하엿는데 못봣다고하면서 벨누르시고 면은 다불어서왓고 밥은 다식어서 왓네요 다시는 안시킵니다.
11635,깔끔하고 맛잇네여!! 배달이 좀 늦지만
11649,와 진짜 상술이네 여기 밥은 많이 주는데 메인반찬은 진짜 조금주네 이 많은밥 어떻게 먹으란거지? 맛도 그냥저냥 이고 에라이
11650,は?は?は?おなかいぱい?
11651,ㅎㅌㅊㄱㅆㅎㅌㅊㅎㅌㅊ
11652,참치도그렇고 양배추가반이네요 ㅋㅋㅋㅋ 별로입니다
11656,이거(+장국) 8천원임... 밥은 많음.. 맛도 괜찮은데 고기가 딱 세조각ㅠ 양배추랑 양파 맛있더라^^ 밑반찬은 안먹는것들이라 개인적으로 별로였음 50분 걸린다더니 한시간 5분걸림
11660,가격이 다른것보단 비싼거 치곤 양이 많이 적지만 잘 먹었습니다. 오징어 삼겹살보다 양배추양이 너무 많은거 같습니다;
11675,양식 음식들이 다 느끼하네요... 한식 시켰을땐 아니랬던거 같은데... 여기서 돈가스는 못먹겠어요
11676,배달좀빨ㅇ리해주세요
11684,맛도 잇고 양도 잇지만 정해진시간보다 늦네요
11689,그냥그럼완벽함완벽함
11698,리뷰 몰아서 씁니다... 맛 양 상 배달 하 배달해주시는분 친절하시지만 너무 느림
11705,배달 너무 오래걸리네요....국물 먹을려고 국을 추가했는데 다식어서 ㅋㅋㅋ
11706,돈까스는 정말 맛잇는데 오므라이스가 좀 맹맛이네여 돈까스랑같이먹어야지 간이 딱맞아여 기대햇던거에 별로에여
11707,배달1시간걸리네요....
11715,배달만 1시간20분 걸렸고 음식도 완전 식어서 오고 오므라이스 밥도 굳어잏고 맛도 눅눅...
11716,편의점 도시락급...ㅠㅜ
11729,무난하게 맛있어요. 양이 좀 적게 느껴지네요.
11735,오후 세시에 시켰는데 한시간 넘어서 배달이 오더라구요 ;; 완전 맛집이라능
11773,맛나고 좋네요 잘먹었어요
11793,맛있어요 ~~~~~
11799,첫주문이였는데 오므라이스+돈까스세트 돈까스는 생각보다 작은 크기였고 맛은 쏘쏘 도시락 안에있는 피클은 따뜻?미지근한 온도라놀람 오므라이스는 안에 양파만 있고 햄이나 이런게 조금이라도 하나도 없음..그리고 볶음밥인데 밥이 너무 질척질척 질었고..세번째사진처럼 안볶이고 맨밥인 상태가 군데군데 있어서 싱거움... 후기가 좋아서 기대가 컸던거 같기도 하고.. 다른건 몰라도 이 메뉴는 가격대비 정말 별로.. 이가격에 더보태서 다른데 먹을껄 이라는 후회남을정도? 였네요 다시 시킨다하더라도 이 메뉴는 안시킬가같음.
11816,요청사항좀 잘읽어주세요ㅠ
11850,리뷰 몰아서 씁니다... 맛 양 상 배달 하 배달해주시는분 친절하시지만 너무 느림
11855,흠........... 옛날도시락은 뭐가 너무 없네요
11859,리뷰 몰아서 씁니다... 맛 양 상 배달 하 배달해주시는분 친절하시지만 너무 느림
11864,라볶이가 정말 맛없습니다
11874,배달과정이 불만족 ㅡㅡ
11879,ㅅㅅㅅㅅㅅㅅㅅㅅㅅㅅㅅㅅㅅㅅ
11898,리뷰 몰아서 씁니다... 맛 양 상 배달 하 배달해주시는분 친절하시지만 너무 느림
11899,리뷰 몰아서 씁니다... 맛 양 상 배달 하 배달해주시는분 친절하시지만 너무 느림
11900,리뷰 몰아서 씁니다... 맛 양 상 배달 하 배달해주시는분 친절하시지만 너무 느림
11902,옛날 도시락 시켰는데 저번엔 볶음김치가 와서 맛있어서 또시켰는데 왜 함박이 온거죠 배달 신경써주세요
11906,배달원 팔다리 다부러졌어요? 아님 조리하는 사람 팔다리가 부러졌나? 3시21분 주문 배달예정시간80분 현재 시간 4시58분 뭐하자는거지 진짜? 장사 이따구로 할거면 딴 동네가서 하는게 어떨까 싶음 자취생 많은 대학가에서 장사 이딴식으로 하면 금방 망한다는걸 모르시나?
11908,맛도 있고 양도 적당한데 문제는 배달 시간임 바쁠 시간대에 주문하면 50~60분 이해합니다 근데 안바쁠 시간에 주문해도 똑같이 50~60분 걸리는게 이해안됨!! 다른 도시락 업체들이 1인분 배달 서비스 시작하면 배달 빠른 곳으로 갈아타겠음 근데 리뷰 작성하라고 알림 온 지금 이 시간까지 배달 안왔음..제 리뷰 공감되실겁니다
11918,처음 먹어보는 비빔밥 맛이였어요 주문한 환타도 깜박했는지 안주시고ㅜㅜ 전화했더니 네번째만에 받으셔서 그럼 어떻게 할까요라니.. 평이 좋아 시켜봤는데 저는 다시 안시킬듯 하네요
11968,ㅅㅅㅅㅅㅅㅅㅅㅅㅅㅅㅅㅅㅅㅅㅅㅅㅅㅅㅅㅅㅅㅅ
11979,처음에는 한그릇주문이라도 82왔는데 이젠 주문하면 기본늦네요 진작 배고프면 늦게 오고 두개주문하면 그나마 82오고 한그릇이라도 고객입장에선 쫌너무 하네요 미스몽 도시락 전 요기요 하면서 마니 주문해준거 같은데 쫌너무하네요 배달직원은 오늘은 쫌늦어네요 하니 인상쓰면서 여기식당멀어요 지금까지 배달원 직원분들은 그런적 없어는데 오늘 온사람은 저랑싸우자는 분위기네요 솔직히 싸가지없게 말해도 제가참아습니다 저희 입구에는 cc티비가 있거든요 오늘 배달온거 너무 기분나빠서안먹고 버릴거구요 하나시키면서 눈치보면서 먹을 빠엔 주문안하는게맞네요
11981,밥이 쫌떡져서 그래고요 매번 시켜먹는데 이번에는 쫌 그러네요 간만에 시켜먹어서 그런지 ㅎ
12003,공기밥 추가하고 돈도 지불했는데 공기밥 안옴
12041,라볶이 먹고 싶어서 시킨건데 면이 블럭인 상태로 있었고 돈까스는 그냥 그랬어요 이 음식들을 먹어서 배부른게 기분이 좋지만은 않네요 그리고 배달이 좀 늦게왔는데 아예 음식점에서 늦게 나왔다면 괜찮은데 많이 돌아다니셨는지 음식들이 다 차갑더라구요 추천은 안할 것 같아요
12062,괜찮았어요
12080,올라가긴 힘들지만 내려가는건 순식간입니다
12081,돈가스 생선가스 양 이거 실화임? 도시락케이스도 작은편인대 거기에도 안차는.. 돈가스 두께도 엄청 얇고.. 돈가스는 일반 분식돈가스 반보다 더 작구요. 한 3분의1정도..그리고 엄청 얇아요. 그거 한장 옴 생선가스는 두조각 옴.. 오므라이스돈까스도 돈가스 한장.. 좀 심하네요..
12086,밥이 꼬두밥으로 그것도 살짝 덜익은 상태로 배달됐네요 처음시켜봤는데 실망했습니다 다시 배달시킬일 없을거 같네요
12088,솔직히 맛은 별로입니다 간이 너무 세고 맛 자체도 기존 소스들 맛이랑 많이 달라요 그래도 혼자 살아서 집 밥 먹고 싶을 때 가끔 시켜먹어요
12090,양이 좀 많이작아요~ 맛은있는데... 좀 많이작아요
12101,맛  양 다별로 별하나도 아깝
12144,내가 뭐 시켰는지 기억이 안나네
12149,음식이 식고 굳어서 왔어요..라볶이도 다 눌러붙어 있엇구요...
12150,쏘쏘 그냥 분식점 맛입니다
12154,음 라볶이는 좀 아니였네용...ㅠㅠ 역시 그냥 밥이 무난합니다^^
12160,김밥천국 가십셔...
12162,진짜 너무 맛없음 다신 안시킬겁니다 반찬에 딸려온 절인무가 이중에 제일 맛있음 ㅋㅋ 라볶이는 조리 제대로 안된거 같다고 환불요청하니까 오늘 30개 팔렸는데 무슨 소리냐고 되려 따짐 스트레스받음 남자친구가 전투식량보다 맛없대요 애인이랑 헤어지고 싶은분들은 시켜드세요 장사 이런식으로 하는거 아닙니다 기분좋게 밥먹으려다가 다 잡쳤음 라면끓여먹을걸
12163,라볶이 솔직히 너무 별로입니다. 금방 배달왓는데 솔직히 너무 불고 맛있지는 않습니다. 혼자 먹을건데 라볶이가 굳이굳이 먹고싶다 하시는분들만 드세여.
12164,앙앙앙 히릿~ 역겹죵?
12165,리뷰 몰아서 씁니다... 맛 양 상 배달 하 배달해주시는분 친절하시지만 너무 느림
12183,ㅅㅅㅅㅅㅅ ㅅㅅㅅㅅㅅㅅㅅ
12192,맛잇어용좋아요 ㅎㅎㅎ
12195,맛 그닥 가격값못함 하지만배달까지생개하면이해함
12203,또 시켜먹었는데요 여전히 배달은 느리지만 맛있습니다
12219,배달 조금 느린거 빼고는 맘에드네요
12223,고기가 다 식고 반찬도 몇 없어서 가격은 더 비싼데 편의점 도시락보단 못하더군요
12224,배달만 빨랐어요... 돼지불백 맛과 양은..그닥
12225,양도 많고 맛있어요
12239,굿ㅇㅇㅇㅇㅇㅇㅇㅇㅇㅇ
12247,그낭 한끼로 적당히 먹을만했어요 ㅎㅎㅎㅎ
12260,배달이좀늦어서많이배거팟슴... 그런상탸에서먹으니맛은잇엇던듯....
12265,초심 잃었네요 이제 다시 주문할일 없을듯
12269,늘 잘먹고있습니다.
12272,초심잃으신거 아닌가요...?;;많이 버셨나보네 돈까스 이만큼 주실거면 세트 없애는게 나을거 같은데
12274,항상 밥시켜먹다 라볶이시켰는데 면도 너무불고.. 김밥도 끝까지 안썰려있어서 먹기 좀 불편했어요ㅠ
12275,생각보다 라볶이는 맛없음
12279,맛도 괜찮고 앙도 괜찮은데 도시락집에서 뭘시키면 빨리 먹고싶은거일텐데 1시간 10분만에 받은건 좀 맘상하네요
12280,떡볶이 진짜 맛없네요;;
12291,낙지국물이 세서 밥한쪽을 점령햇네요 비벼먹기 싫어서 하얀부분만먹음 ㅡㅡ; 낙지도 소금끼를 잘안뺀느낌 짜요 여기이제아웃...
12349,하...오늘은 고난의 연속인가!!!!!! (7500원 가격에 비해 돈까스 김보다 작음)여쭤보니 배달실수 잘못와서 죄송하다고 다시 가져다 주신다해서 1그릇 가지고 오시면 연초부터 좀 그럴까봐 돈까스랑 다른거 1그릇 돈 내고 더 시켰는데 또 1시간이 넘도록 안온다....12시33분 주문이였는데 현재시간 3시30분...... 진짜 너무 하는거 아닌가 하......
12380,이번에 정말 맛없네요.
12385,평점믿고 시켰었는데......배달은 진짜 빠릅니다! 쿠폰도 제공됩니다. 그런데 짜장면은 너무 불어있어서 못먹을 지경이였고...... 바삭함이라곤 절대 느낄수없던 탕수육과.. 케찹을 넣은 것 같았던 붉은 볶음밥..밥에 케찹과 계란을 볶아서 그 위에 짜장소스를 뿌리신건가요..? 야채도 하나도없고........ 짜장소스 맛은 3분짜장맛이였어요...
12389,배달진짜늦게와서전화까지다하고 짜장면다불어서오고짜장소스가너무적어서맛이안나네요
12433,양파만 많고 맛이 정말없다.
12439,짜장면이 싱겁고 탕수육도 별로였어요~ 특히 일회용 용기로 줘서 다시는 안 시켜먹을듯..
12445,맛있어요 배달도 빠르고요
12462,배달빠름 그게다임 간짜장 상태가 왜이러냐...
12466,미침 간짜장이랑 짜장을 시켰는데 짜장은 멀쩡한데 간짜장이 불어터져서 옴 ㅋㅋㅋㅋ 이럼 누가 간짜장을 먹음
12468,괜찮더라구요 탕수육도 나쁘지 않았고 배달특성상 면이 좀 불긴 했지만 괜찮았어요
12479,탕짜곱 잡채밥시켰는데 잡채가 너무 불어서 맹탕이고 짜장면은 면도 다불어터져서오고 소스에서 신맛이 나네요 정말 돈주고 먹기 아까웠어요
12488,배달이 빨랐어요!..
12504,탕수육 눅눅함 볶음밥 맛없
12522,짬뽕안에 들어있던 플라스틱.. 리뷰 귀찮아서 잘 안쓰는데 조심해주셧으면 해서 답니다. 따로 전화는 안함 다른분들 조심하세요
12528,짬뽕이 별로엿어요
12533,정말짬뽕맛이었따.
12553,짜장면을 시켰는데 떡이 오더라고요 탕수육은 그냥 중하
12556,배달은 40분 걸리고 짜장은 다 불었고 신기한건 얼마나 흔들었는지.. 짜장이 다 비벼져 있는 기적이.... 탕수육은 습기차서 눅눅 ㅠㅠ 배달 여러군데 한번에 출발해서 마지막으로 온것으로 예상.. 너무 실망
12560,배달은 빠르네요 맛은 그냥 그럭저럭이네요
12578,배달이 너무 느렸어요ㅠㅠㅠㅠㅠㅠㅠ
12587,싱글셋트인거 시켯는데 전부 다 별로네요 탕수육인지 피수육인지 맛없게 만드는것도 능력인데 새해부터 줫같네요
12589,음 그냥저냥 먹을먀함
12594,자장면 맛이 별로에요
12610,볶음밥은 먓있는듸ㅣ 짬뽕은별로
12637,쟁반짜장이랑 삼선볶음밥을 시켰는데 쟁반짜장은 괜찮았는데 볶음밥에 뿌려진 짜장소스가 시큼하더라구요; 제가 삼선소스맛을 모르는건지 아니면 소스가 상해서 그런지 모르겠지만 소스는 손도안대고 밥만먹었습니다. 다시는 시키고싶지 않네요..
12638,배달이 너무느려요~~~~~~
12647,ㅠㅠ 자주 시켜먹었는데 오늘 탕수육에서 수세미가... 나왔어요.. 맛도 전체적으로 바뀐듯하네요ㅠㅠ 탕수육은 엄청 눅눅하고 오도독 뭐가 씹히고 일단ㅋㅋㅋ 수세미가 너무 충격적이였어요 찝찝해서 이제 안시켜먹을듯...
12651,아무리 빨리 배달해주고 맛잇는집이라 할지라도.... 살아있는 벌레가 같이 배달오는거는 아니지 않나요??? 실망입니다. 청결좀 유지하세요..
12666,왕 불어터진 자장면 완전식은 탕수욕 나와
12668,리뷰너무 좋아 시켰는데... 1시간이상 걸리는 배달에 식어서 배달이 되서 너무 실망이네요
12688,일회용접시에..맛이너무없네요..
12694,1시간안에 드실수 있는분만 시켜드시는게 좋을거같아요 안그럼 저같은꼴나요 혼자서 3만원어치 시킨다음에 6시에 음식 받았는데 식사시간 너무 짧게주네요 문자내용만 보면 알겠듯이 적어도 중간중간 자주 왔다는건데 그럼 30분이나 1시간안에 먹으라는건가ㅋㅋ영업시간8시30분인가 8시40분이길래 오늘은 그릇회수 안하겠거니 하고 여유롭게 먹을랬더니 겁나 다급하시네 배달음식 시켜먹는 이유가 편하려고 시켜먹지 이렇게 다급해지려고 시켜먹나 이딴 서비스정신으로 성공이나 하실련지 무튼 빨리 드시는분들께 강추하는 음식점입니다
12704,김치볶음밥 기름기가 많네요
12711,배달굳 양도굳 맛은동강
12712,배달이 빠르면 뭐해요^^ 간짜장 곱빼기를 시켰으면 그 양에 따라서 양념고 많이 줬어야죠 3분의 일정도는 양념부족해서 비비지도 못했구요 짬뽕이나 짜장면도 면 다 뿔어있었고요 여기가 왜 평점 높은지도 모르겠네요ㅋㅋㅋㅋㅋ다시는 절대 안시킬려구요
12722,쟁반짜장 곱빼기 시켰는데 곱빼기가아닌 그냥 1인분양인거같은데..곱빼기 맞나요?? 좀 실망이 크네요....
12737,리뷰많아서 시켜봣는데 자장면노맛 그냥 양파즙맛 짬뽕은 불맛이좀낫으면좋앗을텐데 그래도 걍 쏘쏘 세트라그런지 탕슉양은 적지만 소스는 쓸데없이많네요 자장면이너무노맛이라 짜이찌엔..
12738,꼬들꼬들하고 맛있구요. 짜장 곱배기 시켰는데 보통와서 그냥 먹었어요. 사천 탕슉 맛있네요. 양이 넘나 작았으나 ... 짜장이 맛있어서패스 ㅋ 짬뽕은 약간 음... 밍숭 했으요.... 그래도 잘 먹었습니다. 다시 또 다른 메뉴 도전 해볼라구요. 배달아저씨 넘나 무서웠음 ㅋ
12743,탕수육은 눅눅하게 쩔어있고 짜장면은 소스가 모자라고 맛도없고 볶음밥은 총체적 난국이네요. 다시는 안시켜먹을듯
12749,너무 밍밍하고... 소스도 뭔가 좀 그랬네요
12777,이번 배달이 유난히 늦었습니다..
12789,배달 태도가 안 좋다.
12790,으 괴롭다 탕수육 너무 고되었다
12804,짜장면이 엄청 짜서 식구들이 불평했네요
12811,처음부터 배달 소요시간을 비오는날에 맞춰서 알려줬으면 합니다.
12813,맛없었어요 탕수육돼지비린내 나고 ㅠ 실패
