카테고리,weekday
한식,2
한식,5
한식,1
한식,1
한식,5
한식,5
한식,5
한식,3
한식,5
한식,5
한식,0
한식,1
한식,2
한식,0
한식,6
한식,0
한식,5
한식,3
한식,5
한식,0
한식,0
한식,1
한식,4
한식,3
한식,4
한식,2
한식,1
한식,5
한식,6
한식,1
한식,1
한식,4
한식,5
한식,6
한식,2
한식,5
한식,4
한식,6
한식,5
한식,2
한식,6
한식,6
한식,5
한식,2
한식,5
한식,2
한식,3
한식,6
한식,5
한식,6
한식,6
한식,5
한식,1
한식,1
한식,5
한식,0
한식,1
한식,3
한식,3
한식,3
한식,6
한식,6
한식,5
한식,0
한식,6
한식,1
한식,0
한식,6
한식,6
한식,6
한식,6
한식,6
한식,6
한식,3
한식,2
한식,5
한식,5
한식,5
한식,5
한식,1
한식,6
한식,0
한식,1
한식,5
한식,6
한식,5
한식,4
한식,5
한식,4
한식,5
한식,6
한식,6
한식,6
한식,6
한식,4
한식,5
한식,3
한식,1
한식,6
한식,1
한식,3
한식,0
한식,2
한식,0
한식,5
한식,2
한식,5
한식,6
한식,0
한식,1
한식,6
한식,2
한식,2
한식,6
한식,3
한식,2
한식,0
한식,6
한식,4
한식,2
한식,2
한식,6
한식,5
한식,6
한식,5
한식,2
한식,2
한식,5
한식,6
한식,3
한식,5
한식,3
한식,2
한식,5
한식,6
한식,3
한식,6
한식,3
한식,1
한식,6
한식,4
한식,6
한식,1
한식,0
한식,5
한식,6
한식,0
한식,6
한식,6
한식,1
한식,0
한식,2
한식,5
한식,3
한식,5
한식,1
한식,3
한식,3
한식,1
한식,4
한식,5
한식,6
한식,0
한식,6
한식,6
한식,6
한식,2
한식,1
한식,3
한식,3
한식,6
한식,6
한식,4
한식,6
한식,5
한식,0
한식,5
한식,2
한식,4
한식,6
한식,0
한식,5
한식,6
한식,5
한식,0
한식,6
한식,3
한식,6
한식,4
한식,0
한식,6
한식,1
한식,3
한식,6
한식,5
한식,6
한식,4
한식,5
한식,5
한식,1
한식,0
한식,6
한식,5
한식,3
한식,6
한식,3
한식,2
한식,5
한식,5
한식,2
한식,1
한식,0
한식,1
한식,6
한식,5
한식,4
한식,6
한식,6
한식,4
한식,0
한식,0
한식,6
한식,5
한식,1
한식,6
한식,5
한식,4
한식,3
한식,0
한식,5
한식,2
한식,1
한식,0
한식,5
한식,2
한식,0
한식,5
한식,5
한식,1
한식,5
한식,0
한식,1
한식,2
한식,5
한식,3
한식,2
한식,4
한식,2
한식,0
한식,1
한식,5
한식,5
한식,1
한식,5
한식,6
한식,0
한식,3
한식,1
한식,0
한식,1
한식,3
한식,2
한식,1
한식,6
한식,6
한식,5
한식,5
한식,0
한식,5
한식,4
한식,6
한식,6
한식,0
한식,6
한식,5
한식,5
한식,5
한식,5
한식,6
한식,5
한식,1
한식,6
한식,6
한식,4
한식,3
한식,6
한식,6
한식,2
한식,1
한식,3
한식,1
한식,0
한식,6
한식,1
한식,1
한식,5
한식,2
한식,0
한식,6
한식,4
한식,5
한식,3
한식,6
한식,0
한식,1
한식,4
한식,2
한식,2
한식,0
한식,6
한식,1
한식,6
한식,1
한식,3
한식,6
한식,6
한식,4
한식,4
한식,4
한식,0
한식,3
한식,5
한식,1
한식,5
한식,3
한식,0
한식,3
한식,6
한식,6
한식,6
한식,6
한식,4
한식,6
한식,1
한식,5
한식,5
한식,0
한식,1
한식,0
한식,5
한식,1
한식,0
한식,3
한식,6
한식,6
한식,5
한식,4
한식,3
한식,4
한식,4
한식,1
한식,1
한식,6
한식,1
한식,6
한식,4
한식,6
한식,2
한식,0
한식,5
한식,3
한식,3
한식,2
한식,0
한식,5
한식,4
한식,4
한식,5
한식,2
한식,2
한식,3
한식,4
한식,4
한식,1
한식,0
한식,6
한식,3
한식,1
한식,5
한식,6
한식,3
한식,6
한식,4
한식,6
한식,5
한식,5
한식,3
한식,6
한식,6
한식,5
한식,3
한식,3
한식,2
한식,2
한식,6
한식,4
한식,1
한식,5
한식,4
한식,5
한식,6
한식,5
한식,5
한식,5
한식,4
한식,2
한식,4
한식,6
한식,0
한식,4
한식,6
한식,5
한식,5
한식,1
한식,3
한식,2
한식,2
한식,2
한식,0
한식,4
한식,6
한식,2
한식,5
한식,6
한식,0
한식,3
한식,5
한식,1
한식,4
한식,0
한식,5
한식,3
한식,3
한식,6
한식,6
한식,1
한식,0
한식,5
한식,5
한식,4
한식,0
한식,0
한식,6
한식,2
한식,5
한식,2
한식,4
한식,6
한식,2
한식,0
한식,6
한식,5
한식,3
한식,3
한식,2
한식,3
한식,1
한식,0
한식,6
한식,0
한식,6
한식,0
한식,0
한식,6
한식,2
한식,6
한식,5
한식,2
한식,0
한식,1
한식,6
한식,1
한식,2
한식,2
한식,6
한식,6
한식,4
한식,0
한식,1
한식,3
한식,0
한식,3
한식,4
한식,5
한식,6
한식,4
한식,6
한식,4
한식,2
한식,5
한식,5
한식,6
한식,4
한식,6
한식,1
한식,4
한식,1
한식,0
한식,6
한식,6
한식,5
피자,6
피자,5
피자,0
피자,4
피자,3
피자,2
피자,5
피자,6
피자,6
피자,6
피자,6
피자,1
피자,1
피자,4
피자,0
피자,2
피자,1
피자,2
피자,6
피자,5
피자,0
피자,4
피자,5
피자,6
피자,2
피자,2
피자,5
피자,3
피자,6
피자,0
피자,6
피자,6
피자,6
피자,2
피자,1
피자,0
피자,6
피자,6
피자,5
피자,2
피자,5
피자,5
피자,2
피자,5
피자,6
피자,0
피자,6
피자,5
피자,5
피자,6
피자,5
피자,6
피자,1
피자,4
피자,2
피자,6
피자,0
피자,0
피자,4
피자,5
피자,3
피자,5
피자,6
피자,2
피자,6
피자,0
피자,5
피자,5
피자,0
피자,5
피자,5
피자,6
피자,5
피자,5
피자,5
피자,3
피자,5
피자,6
피자,4
피자,2
피자,2
피자,0
피자,6
피자,1
피자,2
피자,0
피자,3
피자,6
피자,6
피자,4
피자,2
피자,4
피자,0
피자,6
피자,3
피자,3
피자,6
피자,1
피자,6
피자,3
피자,0
피자,5
피자,1
피자,5
피자,2
피자,0
피자,1
피자,4
피자,6
피자,0
피자,0
피자,5
피자,4
피자,2
피자,1
피자,0
피자,3
피자,4
피자,3
피자,1
피자,5
피자,3
피자,2
피자,3
피자,4
피자,6
피자,1
피자,6
피자,6
피자,0
피자,6
피자,1
피자,6
피자,3
피자,4
피자,3
피자,0
피자,1
피자,5
피자,3
피자,6
피자,6
피자,4
피자,2
피자,2
피자,5
피자,4
피자,5
피자,1
피자,6
피자,1
피자,1
피자,1
피자,0
피자,6
피자,2
피자,3
피자,0
피자,6
피자,5
피자,5
피자,2
피자,0
피자,6
피자,6
피자,0
피자,5
피자,2
피자,6
피자,6
피자,6
피자,4
피자,2
피자,4
피자,5
피자,5
피자,0
피자,0
피자,6
피자,0
피자,1
피자,5
피자,6
피자,5
피자,6
피자,1
피자,4
피자,0
피자,1
피자,5
피자,5
피자,3
피자,1
피자,5
피자,3
피자,0
피자,3
피자,3
피자,1
피자,4
피자,5
피자,5
피자,5
피자,5
피자,0
피자,2
피자,5
피자,0
피자,5
피자,1
피자,2
피자,4
피자,6
피자,4
피자,1
피자,2
피자,3
피자,2
피자,4
피자,4
피자,6
피자,0
피자,1
피자,5
피자,5
피자,4
피자,5
피자,6
피자,6
피자,6
피자,3
피자,4
피자,4
피자,4
피자,1
피자,3
피자,0
피자,6
피자,3
피자,5
피자,4
피자,6
피자,5
피자,2
피자,6
피자,1
피자,4
피자,1
피자,0
피자,1
피자,2
피자,6
피자,6
피자,3
피자,6
피자,3
피자,1
피자,2
피자,5
피자,5
피자,6
피자,3
피자,1
피자,3
피자,2
피자,2
피자,3
피자,5
피자,5
피자,4
피자,6
피자,4
피자,2
피자,6
피자,6
피자,0
피자,0
피자,4
피자,3
피자,6
피자,1
피자,2
피자,4
피자,1
피자,5
피자,3
피자,6
피자,3
피자,0
피자,6
피자,2
피자,6
피자,1
피자,1
피자,5
피자,2
피자,6
피자,4
피자,5
피자,1
피자,4
피자,0
피자,6
피자,0
피자,2
피자,4
피자,5
피자,1
피자,3
피자,4
피자,0
피자,5
피자,2
피자,2
피자,2
피자,5
피자,5
피자,3
피자,3
피자,0
피자,3
피자,0
피자,5
피자,5
피자,3
피자,2
피자,2
피자,4
피자,6
피자,0
피자,0
피자,5
피자,3
피자,5
피자,0
피자,6
피자,5
피자,1
피자,3
피자,6
피자,5
피자,6
피자,0
피자,1
피자,6
피자,6
피자,2
피자,6
피자,0
피자,4
피자,0
피자,5
피자,5
피자,1
피자,1
피자,0
피자,5
피자,4
피자,2
피자,2
피자,0
피자,6
피자,3
피자,3
피자,0
피자,5
피자,2
피자,5
피자,0
피자,4
피자,5
피자,6
피자,4
피자,3
피자,0
피자,6
피자,5
피자,3
피자,3
피자,1
피자,2
피자,3
피자,6
피자,1
피자,3
피자,4
피자,2
피자,1
피자,3
피자,5
피자,5
피자,5
피자,3
피자,3
피자,2
피자,5
피자,6
피자,6
피자,6
피자,4
피자,3
피자,0
피자,2
피자,0
피자,3
피자,0
피자,1
피자,3
피자,4
피자,4
피자,5
피자,6
피자,6
피자,6
피자,6
피자,5
피자,6
피자,1
피자,5
피자,3
피자,6
피자,5
피자,4
피자,0
피자,2
피자,4
피자,6
피자,3
피자,0
피자,3
피자,1
피자,6
피자,3
피자,0
피자,5
피자,5
피자,6
피자,3
피자,6
피자,6
피자,2
피자,1
피자,5
피자,1
피자,4
피자,2
피자,2
피자,6
피자,4
피자,1
피자,0
피자,5
피자,6
피자,4
피자,0
피자,5
피자,6
피자,6
피자,4
피자,5
피자,3
피자,4
피자,2
피자,2
피자,2
피자,2
피자,4
피자,5
피자,6
피자,5
피자,4
피자,6
피자,6
피자,3
피자,1
피자,1
피자,5
피자,6
피자,6
피자,2
피자,5
피자,6
피자,1
피자,5
피자,6
피자,5
피자,0
피자,0
피자,5
피자,5
피자,5
피자,2
피자,1
피자,0
피자,0
피자,5
피자,6
피자,6
피자,4
피자,2
피자,1
피자,5
피자,6
피자,5
피자,5
피자,2
피자,5
피자,1
피자,6
피자,2
피자,3
피자,0
피자,6
피자,2
피자,4
피자,6
피자,6
피자,4
피자,3
피자,2
피자,5
피자,3
피자,4
피자,4
피자,5
피자,6
피자,5
피자,6
피자,1
피자,2
피자,3
피자,6
피자,2
피자,5
피자,4
피자,1
피자,5
피자,2
피자,1
피자,6
피자,3
피자,0
피자,4
피자,0
피자,5
피자,6
피자,3
피자,2
피자,0
피자,6
피자,5
피자,3
피자,5
피자,6
피자,4
피자,5
피자,3
피자,1
피자,5
피자,0
피자,1
피자,2
피자,6
피자,6
피자,1
피자,1
피자,3
피자,4
피자,5
피자,5
피자,4
피자,5
피자,3
피자,6
피자,2
피자,2
피자,0
피자,0
피자,3
피자,3
피자,0
피자,2
피자,3
피자,3
피자,1
피자,6
피자,4
피자,2
피자,2
피자,4
피자,3
피자,2
피자,2
피자,5
피자,1
피자,2
피자,6
피자,2
피자,5
피자,5
피자,2
피자,1
피자,5
피자,6
피자,6
피자,4
피자,6
피자,2
피자,0
피자,6
피자,5
피자,3
피자,0
피자,6
피자,4
피자,0
피자,5
피자,2
피자,4
피자,5
피자,5
피자,3
피자,2
피자,3
피자,3
피자,2
피자,1
피자,3
피자,3
피자,0
피자,4
피자,5
피자,3
피자,0
피자,5
피자,4
피자,6
피자,4
피자,5
피자,1
피자,6
피자,4
피자,6
피자,3
피자,6
피자,6
피자,2
피자,6
피자,6
피자,1
피자,0
피자,0
피자,6
피자,2
피자,0
피자,2
피자,6
피자,5
피자,1
피자,5
피자,5
피자,4
피자,6
피자,2
피자,0
피자,2
피자,5
피자,1
피자,6
피자,5
피자,2
피자,5
피자,5
피자,6
피자,4
피자,6
피자,5
피자,1
피자,3
피자,3
피자,5
피자,1
피자,4
피자,4
피자,1
피자,6
피자,5
피자,5
피자,5
피자,6
피자,2
피자,5
피자,5
피자,6
피자,6
피자,5
피자,6
피자,1
피자,3
피자,4
피자,5
피자,3
피자,4
피자,3
피자,4
피자,0
피자,4
피자,0
피자,0
피자,0
피자,2
피자,4
피자,2
피자,0
피자,5
피자,5
피자,6
피자,6
피자,5
피자,5
피자,3
피자,0
피자,6
피자,5
피자,3
피자,6
피자,5
피자,5
피자,1
피자,4
피자,5
피자,6
피자,6
피자,5
피자,4
피자,2
피자,1
피자,6
피자,0
피자,5
피자,4
피자,4
피자,4
피자,1
피자,1
피자,3
피자,5
피자,3
피자,6
피자,2
피자,1
피자,5
피자,0
피자,6
피자,0
피자,1
피자,2
피자,4
피자,5
피자,1
피자,2
피자,6
피자,4
피자,6
피자,3
피자,6
피자,4
피자,2
피자,5
피자,2
피자,3
피자,6
피자,2
피자,2
피자,5
피자,5
피자,0
피자,5
피자,0
피자,0
피자,5
피자,2
피자,2
피자,5
피자,6
피자,3
피자,0
피자,2
피자,5
피자,0
피자,0
피자,6
피자,5
피자,5
피자,1
피자,5
피자,1
피자,6
피자,1
피자,5
피자,1
피자,5
피자,2
피자,0
피자,4
피자,6
피자,5
피자,1
피자,2
피자,5
피자,4
피자,0
피자,1
피자,3
피자,4
피자,5
피자,5
피자,0
피자,6
피자,6
피자,4
피자,5
피자,5
피자,6
피자,6
피자,1
피자,6
피자,2
피자,1
피자,4
피자,2
피자,4
피자,3
피자,6
피자,1
피자,0
피자,5
피자,5
피자,5
피자,3
피자,6
피자,0
피자,1
피자,4
피자,5
피자,0
피자,2
피자,6
피자,2
피자,6
피자,5
피자,3
피자,1
피자,5
피자,6
피자,3
피자,2
피자,5
피자,4
피자,6
피자,1
피자,5
피자,0
피자,1
피자,1
피자,1
피자,3
피자,4
피자,6
피자,6
피자,0
피자,5
피자,1
피자,5
피자,2
피자,1
피자,2
피자,1
피자,4
피자,0
피자,4
피자,0
피자,1
피자,5
피자,5
피자,4
피자,5
피자,4
피자,5
피자,6
피자,6
피자,3
피자,4
피자,2
피자,3
피자,0
피자,5
피자,3
피자,6
피자,3
피자,2
피자,4
피자,6
피자,5
피자,6
피자,4
피자,6
피자,4
피자,1
피자,5
피자,3
피자,0
피자,1
피자,6
피자,2
피자,5
피자,4
피자,5
피자,1
피자,0
피자,5
피자,2
피자,2
피자,0
피자,3
피자,1
피자,0
피자,5
피자,3
피자,2
피자,4
피자,1
피자,2
피자,4
피자,1
피자,5
피자,5
피자,1
피자,3
피자,3
피자,5
피자,2
피자,4
피자,4
피자,2
피자,0
피자,0
피자,5
피자,6
피자,6
피자,4
피자,1
피자,6
피자,4
피자,5
피자,6
피자,6
피자,5
피자,2
피자,4
피자,6
피자,2
피자,4
피자,3
피자,6
피자,2
피자,6
피자,6
피자,0
피자,4
피자,0
피자,6
피자,5
피자,2
피자,6
피자,2
피자,4
피자,4
피자,5
피자,6
피자,4
피자,6
피자,3
피자,5
피자,3
피자,5
피자,3
피자,5
피자,4
피자,3
피자,5
피자,6
피자,6
피자,0
피자,2
피자,5
피자,4
피자,1
피자,2
피자,4
피자,0
피자,5
피자,3
피자,3
피자,3
피자,6
피자,5
피자,5
피자,5
피자,6
피자,6
피자,3
피자,5
피자,2
피자,2
피자,6
피자,6
피자,6
피자,4
피자,5
피자,3
피자,0
피자,6
피자,3
피자,5
피자,0
피자,6
피자,0
피자,2
피자,3
피자,3
피자,5
피자,5
피자,0
피자,1
피자,4
피자,6
피자,1
피자,0
피자,0
피자,0
피자,2
피자,5
피자,6
피자,4
피자,3
피자,6
피자,6
피자,1
피자,0
피자,1
피자,1
피자,2
피자,6
피자,4
피자,2
피자,3
피자,2
피자,2
피자,1
피자,5
피자,5
피자,5
피자,0
피자,3
피자,1
피자,5
피자,6
피자,5
피자,6
피자,1
피자,1
피자,1
피자,3
피자,5
피자,2
피자,5
피자,0
피자,5
피자,1
피자,1
피자,2
피자,4
피자,0
피자,2
피자,4
피자,1
피자,6
피자,6
피자,6
피자,0
피자,0
피자,6
피자,5
피자,6
피자,6
피자,1
피자,4
피자,1
피자,1
피자,2
피자,1
피자,3
피자,5
피자,2
피자,3
피자,1
피자,3
피자,3
피자,6
피자,1
피자,5
피자,4
피자,4
피자,6
피자,2
피자,2
피자,3
피자,0
피자,6
피자,2
피자,5
피자,6
피자,2
피자,6
피자,6
피자,6
피자,1
피자,6
피자,5
피자,5
피자,6
피자,5
피자,2
피자,4
피자,1
피자,1
피자,0
피자,5
피자,4
피자,1
피자,4
피자,6
피자,5
피자,5
피자,1
피자,0
피자,0
피자,4
피자,6
피자,0
피자,4
피자,0
피자,6
피자,2
피자,3
피자,1
피자,1
피자,0
피자,5
피자,6
피자,4
피자,5
피자,0
피자,5
피자,6
피자,6
피자,5
피자,1
피자,5
피자,0
피자,5
피자,2
피자,6
피자,5
피자,2
피자,3
피자,0
피자,4
피자,4
피자,0
피자,5
피자,2
피자,6
피자,5
피자,6
피자,1
피자,5
피자,6
피자,5
피자,6
피자,5
피자,0
피자,2
피자,5
피자,1
피자,1
피자,6
피자,3
피자,1
피자,4
피자,6
피자,0
피자,6
피자,2
피자,5
피자,5
피자,5
피자,5
피자,6
피자,3
피자,4
피자,6
피자,0
피자,2
피자,5
피자,6
피자,5
피자,6
피자,1
피자,0
피자,5
피자,2
피자,5
피자,1
피자,5
피자,3
피자,1
피자,3
피자,6
피자,4
피자,0
피자,2
피자,5
피자,0
피자,1
피자,6
피자,0
피자,3
피자,2
피자,0
피자,2
피자,1
피자,4
피자,0
피자,5
피자,0
피자,4
피자,5
피자,6
피자,6
피자,6
피자,6
피자,3
피자,6
피자,3
피자,2
피자,6
피자,6
피자,5
피자,1
피자,2
피자,0
피자,5
피자,6
피자,0
피자,6
피자,2
피자,0
피자,0
피자,6
피자,1
피자,6
피자,3
피자,3
피자,2
피자,1
피자,2
피자,6
피자,6
피자,5
피자,5
피자,0
피자,0
피자,6
피자,6
피자,5
피자,6
피자,0
피자,6
피자,1
피자,5
피자,0
피자,4
피자,4
피자,4
피자,5
피자,2
피자,5
피자,6
피자,6
치킨,4
치킨,6
치킨,4
치킨,6
치킨,4
치킨,5
치킨,3
치킨,4
치킨,0
치킨,3
치킨,3
치킨,5
치킨,4
치킨,6
치킨,4
치킨,4
치킨,0
치킨,2
치킨,4
치킨,2
치킨,6
치킨,2
치킨,1
치킨,6
치킨,6
치킨,0
치킨,2
치킨,1
치킨,6
치킨,3
치킨,3
치킨,1
치킨,2
치킨,5
치킨,4
치킨,5
치킨,1
치킨,0
치킨,3
치킨,0
치킨,1
치킨,6
치킨,3
치킨,3
치킨,2
치킨,0
치킨,5
치킨,5
치킨,5
치킨,2
치킨,0
치킨,4
치킨,5
치킨,6
치킨,0
치킨,0
치킨,5
치킨,4
치킨,6
치킨,0
치킨,4
치킨,5
치킨,1
치킨,1
치킨,6
치킨,2
치킨,4
치킨,5
치킨,5
치킨,2
치킨,6
치킨,4
치킨,0
치킨,1
치킨,4
치킨,1
치킨,3
치킨,5
치킨,4
치킨,5
치킨,5
치킨,4
치킨,5
치킨,5
치킨,3
치킨,5
치킨,3
치킨,3
치킨,4
치킨,5
치킨,5
치킨,5
치킨,4
치킨,4
치킨,0
치킨,6
치킨,6
치킨,6
치킨,0
치킨,4
치킨,2
치킨,5
치킨,0
치킨,5
치킨,3
치킨,3
치킨,1
치킨,0
치킨,6
치킨,5
치킨,3
치킨,6
치킨,1
치킨,6
치킨,2
치킨,1
치킨,6
치킨,6
치킨,3
치킨,5
치킨,3
치킨,3
치킨,0
치킨,6
치킨,4
치킨,2
치킨,1
치킨,1
치킨,2
치킨,5
치킨,2
치킨,4
치킨,1
치킨,1
치킨,4
치킨,6
치킨,0
치킨,6
치킨,1
치킨,5
치킨,4
치킨,1
치킨,0
치킨,0
치킨,2
치킨,5
치킨,3
치킨,5
치킨,0
치킨,3
치킨,6
치킨,1
치킨,2
치킨,3
치킨,1
치킨,5
치킨,6
치킨,1
치킨,6
치킨,0
치킨,4
치킨,3
치킨,2
치킨,6
치킨,2
치킨,1
치킨,6
치킨,2
치킨,6
치킨,1
치킨,0
치킨,6
치킨,6
치킨,0
치킨,0
치킨,6
치킨,0
치킨,0
치킨,6
치킨,0
치킨,0
치킨,3
치킨,3
치킨,4
치킨,2
치킨,5
치킨,5
치킨,4
치킨,5
치킨,3
치킨,0
치킨,6
치킨,6
치킨,5
치킨,5
치킨,5
치킨,5
치킨,0
치킨,5
치킨,3
치킨,2
치킨,6
치킨,0
치킨,2
치킨,3
치킨,3
치킨,3
치킨,6
치킨,4
치킨,3
치킨,3
치킨,2
치킨,2
치킨,0
치킨,0
치킨,6
치킨,5
치킨,3
치킨,3
치킨,5
치킨,6
치킨,4
치킨,0
치킨,5
치킨,4
치킨,5
치킨,4
치킨,6
치킨,2
치킨,4
치킨,0
치킨,6
치킨,4
치킨,6
치킨,2
치킨,6
치킨,3
치킨,4
치킨,6
치킨,3
치킨,5
치킨,0
치킨,1
치킨,4
치킨,3
치킨,3
치킨,3
치킨,0
치킨,0
치킨,2
치킨,4
치킨,5
치킨,1
치킨,2
치킨,3
치킨,4
치킨,6
치킨,1
치킨,1
치킨,0
치킨,5
치킨,4
치킨,4
치킨,2
치킨,2
치킨,4
치킨,0
치킨,6
치킨,1
치킨,1
치킨,4
치킨,6
치킨,0
치킨,2
치킨,5
치킨,6
치킨,2
치킨,5
치킨,5
치킨,0
치킨,0
치킨,5
치킨,0
치킨,4
치킨,0
치킨,5
치킨,5
치킨,2
치킨,1
치킨,5
치킨,6
치킨,4
치킨,2
치킨,3
치킨,6
치킨,5
치킨,3
치킨,1
치킨,6
치킨,4
치킨,3
치킨,5
치킨,4
치킨,3
치킨,5
치킨,5
치킨,0
치킨,2
치킨,4
치킨,0
치킨,6
치킨,2
치킨,2
치킨,4
치킨,0
치킨,5
치킨,1
치킨,4
치킨,0
치킨,3
치킨,3
치킨,1
치킨,0
치킨,5
치킨,0
치킨,4
치킨,6
치킨,2
치킨,5
치킨,1
치킨,0
치킨,6
치킨,2
치킨,4
치킨,6
치킨,6
치킨,6
치킨,2
치킨,4
치킨,4
치킨,1
치킨,0
치킨,5
치킨,0
치킨,4
치킨,0
치킨,6
치킨,5
치킨,1
치킨,3
치킨,4
치킨,1
치킨,5
치킨,2
치킨,4
치킨,6
치킨,0
치킨,3
치킨,0
치킨,0
치킨,5
치킨,4
치킨,3
치킨,6
치킨,2
치킨,5
치킨,6
치킨,4
치킨,0
치킨,2
치킨,3
치킨,3
치킨,4
치킨,6
치킨,3
치킨,6
치킨,6
치킨,3
치킨,0
치킨,3
치킨,6
치킨,2
치킨,6
치킨,5
치킨,3
치킨,4
치킨,2
치킨,3
치킨,2
치킨,5
치킨,3
치킨,2
치킨,0
치킨,4
치킨,3
치킨,6
치킨,4
치킨,1
치킨,1
치킨,0
치킨,1
치킨,6
치킨,3
치킨,3
치킨,5
치킨,6
치킨,5
치킨,5
치킨,6
치킨,6
치킨,5
치킨,2
치킨,0
치킨,5
치킨,6
치킨,2
치킨,3
치킨,5
치킨,2
치킨,5
치킨,0
치킨,2
치킨,0
치킨,1
치킨,0
치킨,6
치킨,5
치킨,6
치킨,5
치킨,1
치킨,2
치킨,4
치킨,6
치킨,0
치킨,6
치킨,1
치킨,6
치킨,5
치킨,6
치킨,4
치킨,0
치킨,4
치킨,3
치킨,2
치킨,5
치킨,5
치킨,4
치킨,5
치킨,6
치킨,2
치킨,5
치킨,2
치킨,6
치킨,5
치킨,1
치킨,1
치킨,1
치킨,5
치킨,6
치킨,2
치킨,4
치킨,3
치킨,2
치킨,5
치킨,0
치킨,5
치킨,5
치킨,0
치킨,1
치킨,2
치킨,3
치킨,3
치킨,6
치킨,5
치킨,3
치킨,5
치킨,1
치킨,5
치킨,6
치킨,6
치킨,4
치킨,5
치킨,4
치킨,6
치킨,5
치킨,5
치킨,6
치킨,5
치킨,0
치킨,6
치킨,2
치킨,2
치킨,4
치킨,6
치킨,2
치킨,6
치킨,2
치킨,5
치킨,0
치킨,3
치킨,6
치킨,3
치킨,0
치킨,0
치킨,5
치킨,1
치킨,2
치킨,2
치킨,2
치킨,5
치킨,1
치킨,2
치킨,6
치킨,6
치킨,4
치킨,3
치킨,3
치킨,0
치킨,3
치킨,1
치킨,6
치킨,5
치킨,4
치킨,6
치킨,0
치킨,2
치킨,5
치킨,2
치킨,1
치킨,4
치킨,6
치킨,2
치킨,6
치킨,3
치킨,4
치킨,2
치킨,0
치킨,3
치킨,4
치킨,0
치킨,3
치킨,3
치킨,1
치킨,6
치킨,6
치킨,5
치킨,6
치킨,5
치킨,5
치킨,4
치킨,2
치킨,2
치킨,0
치킨,6
치킨,6
치킨,5
치킨,2
치킨,6
치킨,2
치킨,3
치킨,1
치킨,6
치킨,5
치킨,5
치킨,5
치킨,0
치킨,6
치킨,6
치킨,6
치킨,5
치킨,3
치킨,3
치킨,3
치킨,1
치킨,4
치킨,2
치킨,0
치킨,0
치킨,4
치킨,0
치킨,6
치킨,6
치킨,5
치킨,6
치킨,2
치킨,0
치킨,0
치킨,4
치킨,1
치킨,3
치킨,5
치킨,5
치킨,5
치킨,1
치킨,2
치킨,0
치킨,0
치킨,5
치킨,6
치킨,3
치킨,5
치킨,3
치킨,2
치킨,6
치킨,2
치킨,5
치킨,4
치킨,4
치킨,0
치킨,6
치킨,6
치킨,5
치킨,4
치킨,6
치킨,1
치킨,3
치킨,2
치킨,5
치킨,4
치킨,1
치킨,6
치킨,5
치킨,3
치킨,4
치킨,0
치킨,3
치킨,2
치킨,6
치킨,5
치킨,6
치킨,6
치킨,0
치킨,2
치킨,0
치킨,0
치킨,4
치킨,2
치킨,4
치킨,6
치킨,4
치킨,5
치킨,5
치킨,0
치킨,1
치킨,5
치킨,2
치킨,1
치킨,1
치킨,0
치킨,4
치킨,2
치킨,1
치킨,3
치킨,2
치킨,2
치킨,5
치킨,1
치킨,5
치킨,5
치킨,2
치킨,5
치킨,6
치킨,3
치킨,2
치킨,3
치킨,6
치킨,5
치킨,5
치킨,2
치킨,4
치킨,6
치킨,5
치킨,6
치킨,2
치킨,0
치킨,3
치킨,6
치킨,3
치킨,3
치킨,0
치킨,0
치킨,1
치킨,1
치킨,2
치킨,2
치킨,2
치킨,4
치킨,6
치킨,6
치킨,3
치킨,1
치킨,6
치킨,3
치킨,4
치킨,6
치킨,5
치킨,1
치킨,5
치킨,2
치킨,5
치킨,6
치킨,5
치킨,0
치킨,6
치킨,4
치킨,3
치킨,2
치킨,1
치킨,0
치킨,5
치킨,6
치킨,2
치킨,6
치킨,0
치킨,0
치킨,0
치킨,3
치킨,2
치킨,4
치킨,6
치킨,5
치킨,1
치킨,6
치킨,5
치킨,6
치킨,6
치킨,6
치킨,0
치킨,1
치킨,1
치킨,0
치킨,6
치킨,6
치킨,6
치킨,4
치킨,6
치킨,6
치킨,5
치킨,0
치킨,2
치킨,6
치킨,4
치킨,4
치킨,1
치킨,4
치킨,5
치킨,3
치킨,3
치킨,6
치킨,6
치킨,0
치킨,4
치킨,4
치킨,2
치킨,3
치킨,4
치킨,2
치킨,5
치킨,1
치킨,6
치킨,5
치킨,5
치킨,2
치킨,1
치킨,4
치킨,3
치킨,2
치킨,1
치킨,2
치킨,1
치킨,0
치킨,5
치킨,0
치킨,6
치킨,6
치킨,4
치킨,2
치킨,1
치킨,6
치킨,5
치킨,6
치킨,5
치킨,1
치킨,3
치킨,1
치킨,5
치킨,6
치킨,4
치킨,4
치킨,6
치킨,6
치킨,1
치킨,6
치킨,5
치킨,1
치킨,1
치킨,6
치킨,6
치킨,1
치킨,5
치킨,5
치킨,5
치킨,1
치킨,0
치킨,6
치킨,3
치킨,6
치킨,6
치킨,3
치킨,0
치킨,6
치킨,6
치킨,4
치킨,4
치킨,6
치킨,4
치킨,1
치킨,5
치킨,0
치킨,5
치킨,5
치킨,3
치킨,1
치킨,4
치킨,5
치킨,3
치킨,1
치킨,6
치킨,4
치킨,6
치킨,1
치킨,2
치킨,3
치킨,0
치킨,2
치킨,0
치킨,6
치킨,3
치킨,6
치킨,3
치킨,3
치킨,0
치킨,1
치킨,1
치킨,3
치킨,3
치킨,6
치킨,0
치킨,4
치킨,2
치킨,1
치킨,6
치킨,6
치킨,0
치킨,0
치킨,0
치킨,5
치킨,4
치킨,6
치킨,0
치킨,5
치킨,2
치킨,2
치킨,0
치킨,5
치킨,6
치킨,2
치킨,1
치킨,6
치킨,4
치킨,3
치킨,0
치킨,6
치킨,5
치킨,1
치킨,6
치킨,6
치킨,6
치킨,6
치킨,5
치킨,4
치킨,2
치킨,2
치킨,6
치킨,4
치킨,3
치킨,4
치킨,5
치킨,3
치킨,3
치킨,6
치킨,5
치킨,5
치킨,5
치킨,5
치킨,3
치킨,6
치킨,6
치킨,5
치킨,5
치킨,2
치킨,1
치킨,6
치킨,4
치킨,6
치킨,5
치킨,4
치킨,3
치킨,5
치킨,5
치킨,3
치킨,6
치킨,6
치킨,6
치킨,5
치킨,0
치킨,5
치킨,5
치킨,3
치킨,3
치킨,6
치킨,4
치킨,4
치킨,4
치킨,2
치킨,2
치킨,6
치킨,4
치킨,1
치킨,5
치킨,2
치킨,0
치킨,6
치킨,0
치킨,1
치킨,5
치킨,6
치킨,6
치킨,6
치킨,3
치킨,1
치킨,2
치킨,3
치킨,0
치킨,6
치킨,4
치킨,1
치킨,6
치킨,1
치킨,2
치킨,2
치킨,6
치킨,5
치킨,6
치킨,3
치킨,2
치킨,3
치킨,2
치킨,5
치킨,4
치킨,6
치킨,3
치킨,1
치킨,6
치킨,4
치킨,3
치킨,6
치킨,4
치킨,3
치킨,5
치킨,4
치킨,2
치킨,3
치킨,2
치킨,3
치킨,5
치킨,0
치킨,3
치킨,5
치킨,6
치킨,0
치킨,6
치킨,4
치킨,3
치킨,1
치킨,6
치킨,0
치킨,1
치킨,4
치킨,0
치킨,6
치킨,0
치킨,1
치킨,3
치킨,1
치킨,0
치킨,0
치킨,5
치킨,5
치킨,5
치킨,0
치킨,3
치킨,6
치킨,6
치킨,3
치킨,3
치킨,1
치킨,1
치킨,4
치킨,1
치킨,4
치킨,4
치킨,1
치킨,0
치킨,4
치킨,6
치킨,6
치킨,0
치킨,3
치킨,2
치킨,0
치킨,6
치킨,6
치킨,6
치킨,6
치킨,2
치킨,2
치킨,5
치킨,3
치킨,2
치킨,5
치킨,4
치킨,3
치킨,6
치킨,2
치킨,1
치킨,6
치킨,5
치킨,3
치킨,6
치킨,6
치킨,6
치킨,5
치킨,0
치킨,0
치킨,6
치킨,5
치킨,5
치킨,4
치킨,4
치킨,4
치킨,1
치킨,5
치킨,5
치킨,0
치킨,2
치킨,5
치킨,5
치킨,4
치킨,0
치킨,0
치킨,4
치킨,6
치킨,0
치킨,6
치킨,6
치킨,5
치킨,4
치킨,5
치킨,5
치킨,2
치킨,2
치킨,6
치킨,6
치킨,6
치킨,5
치킨,5
치킨,4
치킨,4
치킨,0
치킨,6
치킨,6
치킨,5
치킨,5
치킨,5
치킨,3
치킨,1
치킨,1
치킨,0
치킨,6
치킨,5
치킨,5
치킨,5
치킨,5
치킨,4
치킨,3
치킨,0
치킨,6
치킨,4
치킨,2
치킨,2
치킨,1
치킨,6
치킨,5
치킨,5
치킨,5
치킨,4
치킨,4
치킨,1
치킨,0
치킨,0
치킨,0
치킨,3
치킨,3
치킨,0
치킨,2
치킨,2
치킨,1
치킨,0
치킨,0
치킨,6
치킨,6
치킨,2
치킨,1
치킨,0
치킨,6
치킨,6
치킨,5
치킨,0
치킨,0
치킨,2
치킨,5
치킨,4
치킨,4
치킨,4
치킨,1
치킨,6
치킨,6
치킨,6
치킨,5
치킨,4
치킨,4
치킨,6
치킨,1
치킨,6
치킨,5
치킨,1
치킨,5
치킨,5
치킨,5
치킨,1
치킨,0
치킨,5
치킨,0
치킨,1
치킨,6
치킨,4
치킨,6
치킨,3
치킨,4
치킨,4
치킨,5
치킨,2
치킨,4
치킨,2
치킨,5
치킨,6
치킨,3
치킨,2
치킨,6
치킨,2
치킨,5
치킨,2
치킨,4
치킨,6
치킨,6
치킨,1
치킨,0
치킨,0
치킨,2
치킨,5
치킨,5
치킨,2
치킨,6
치킨,1
치킨,5
치킨,4
치킨,6
치킨,1
치킨,0
치킨,2
치킨,6
치킨,3
치킨,5
치킨,2
치킨,3
치킨,6
치킨,6
치킨,4
치킨,6
치킨,1
치킨,6
치킨,1
치킨,0
치킨,6
치킨,5
치킨,6
치킨,6
치킨,6
치킨,1
치킨,0
치킨,0
치킨,6
치킨,1
치킨,6
치킨,6
치킨,6
치킨,6
치킨,6
치킨,3
치킨,6
치킨,4
치킨,1
치킨,5
치킨,3
치킨,5
치킨,4
치킨,0
치킨,5
치킨,2
치킨,1
치킨,0
치킨,0
치킨,0
치킨,3
치킨,6
치킨,6
치킨,0
치킨,0
치킨,2
치킨,2
치킨,6
치킨,0
치킨,6
치킨,2
치킨,1
치킨,5
치킨,4
치킨,3
치킨,2
치킨,3
치킨,4
치킨,4
치킨,2
치킨,5
치킨,1
치킨,6
치킨,5
치킨,0
치킨,2
치킨,1
치킨,5
치킨,3
치킨,6
치킨,3
치킨,6
치킨,4
치킨,6
치킨,5
치킨,2
치킨,5
치킨,0
치킨,6
치킨,1
치킨,6
치킨,1
치킨,5
치킨,5
치킨,3
치킨,2
치킨,0
치킨,4
치킨,6
치킨,4
치킨,3
치킨,6
치킨,6
치킨,0
치킨,6
치킨,6
치킨,6
치킨,3
치킨,0
치킨,6
치킨,6
치킨,5
치킨,0
치킨,6
치킨,3
치킨,4
치킨,2
치킨,6
치킨,4
치킨,2
치킨,2
치킨,4
치킨,1
치킨,4
치킨,5
치킨,2
치킨,6
치킨,3
치킨,4
치킨,1
치킨,0
치킨,5
치킨,6
치킨,6
치킨,6
치킨,6
치킨,2
치킨,4
치킨,0
치킨,4
치킨,0
치킨,4
치킨,3
치킨,3
치킨,3
치킨,3
치킨,6
치킨,4
치킨,5
치킨,4
치킨,0
치킨,2
치킨,1
치킨,0
치킨,3
치킨,1
치킨,4
치킨,2
치킨,5
치킨,2
치킨,0
치킨,4
치킨,5
치킨,3
치킨,4
치킨,0
치킨,4
치킨,6
치킨,4
치킨,6
치킨,2
치킨,5
치킨,3
치킨,1
치킨,4
치킨,3
치킨,6
치킨,5
치킨,6
치킨,4
치킨,2
치킨,0
치킨,5
치킨,0
치킨,1
치킨,6
치킨,1
치킨,6
치킨,6
치킨,1
치킨,3
치킨,2
치킨,6
치킨,6
치킨,3
치킨,5
치킨,6
치킨,0
치킨,4
치킨,6
치킨,2
치킨,5
치킨,5
치킨,4
치킨,0
치킨,5
치킨,6
치킨,5
치킨,2
치킨,4
치킨,0
치킨,4
치킨,2
치킨,4
치킨,3
치킨,2
치킨,0
치킨,1
치킨,4
치킨,5
치킨,5
치킨,5
치킨,6
치킨,6
치킨,2
치킨,5
치킨,6
치킨,3
치킨,4
치킨,3
치킨,0
치킨,1
치킨,4
치킨,6
치킨,3
치킨,3
치킨,5
치킨,6
치킨,4
치킨,2
치킨,2
치킨,0
치킨,5
치킨,0
치킨,2
치킨,2
치킨,0
치킨,0
치킨,6
치킨,6
치킨,3
치킨,2
치킨,1
치킨,1
치킨,0
치킨,0
치킨,0
치킨,5
치킨,5
치킨,2
치킨,6
치킨,5
치킨,1
치킨,5
치킨,4
치킨,0
치킨,6
치킨,3
치킨,4
치킨,3
치킨,4
치킨,5
치킨,5
치킨,0
치킨,4
치킨,5
치킨,5
치킨,5
치킨,3
치킨,0
치킨,2
치킨,5
치킨,5
치킨,0
치킨,5
치킨,6
치킨,2
치킨,5
치킨,6
치킨,0
치킨,0
치킨,5
치킨,0
치킨,6
치킨,4
치킨,4
치킨,0
치킨,2
치킨,5
치킨,5
치킨,6
치킨,5
치킨,5
치킨,4
치킨,1
치킨,4
치킨,5
치킨,3
치킨,6
치킨,4
치킨,5
치킨,5
치킨,1
치킨,2
치킨,1
치킨,5
치킨,0
치킨,1
치킨,4
치킨,1
치킨,2
치킨,2
치킨,3
치킨,4
치킨,3
치킨,1
치킨,5
치킨,6
치킨,1
치킨,1
치킨,5
치킨,2
치킨,6
치킨,5
치킨,5
치킨,4
치킨,0
치킨,0
치킨,5
치킨,1
치킨,3
치킨,2
치킨,1
치킨,1
치킨,2
치킨,5
치킨,5
치킨,0
치킨,6
치킨,2
치킨,4
치킨,4
치킨,4
치킨,2
치킨,5
치킨,4
치킨,5
치킨,3
치킨,6
치킨,5
치킨,5
치킨,3
치킨,6
치킨,5
치킨,4
치킨,4
치킨,5
치킨,5
치킨,5
치킨,3
치킨,0
치킨,0
치킨,5
치킨,5
치킨,2
치킨,3
치킨,4
치킨,0
치킨,3
치킨,4
치킨,0
치킨,3
치킨,4
치킨,3
치킨,6
치킨,3
치킨,1
치킨,1
치킨,3
치킨,0
치킨,2
치킨,2
치킨,6
치킨,0
치킨,0
치킨,5
치킨,5
치킨,4
치킨,6
치킨,1
치킨,4
치킨,6
치킨,5
치킨,5
치킨,3
치킨,3
치킨,5
치킨,0
치킨,5
치킨,0
치킨,0
치킨,1
치킨,2
치킨,5
치킨,4
치킨,6
치킨,6
치킨,3
치킨,2
치킨,1
치킨,0
치킨,6
치킨,3
치킨,3
치킨,6
치킨,1
치킨,3
치킨,1
치킨,5
치킨,4
치킨,3
치킨,2
치킨,2
치킨,1
치킨,2
치킨,2
치킨,6
치킨,0
치킨,0
치킨,0
치킨,5
치킨,4
치킨,1
치킨,4
치킨,3
치킨,0
치킨,6
치킨,5
치킨,0
치킨,6
치킨,4
치킨,3
치킨,5
치킨,1
치킨,3
치킨,2
치킨,5
치킨,2
치킨,4
치킨,6
치킨,4
치킨,0
치킨,6
치킨,3
치킨,0
치킨,1
치킨,1
치킨,6
치킨,3
치킨,3
치킨,6
치킨,6
치킨,0
치킨,1
치킨,1
치킨,4
치킨,1
치킨,2
치킨,6
치킨,4
치킨,2
치킨,4
치킨,3
치킨,4
치킨,6
치킨,6
치킨,0
치킨,1
치킨,5
치킨,3
치킨,1
치킨,6
치킨,5
치킨,1
치킨,4
치킨,4
치킨,6
치킨,4
치킨,0
치킨,2
치킨,6
치킨,1
치킨,1
치킨,5
치킨,3
치킨,5
치킨,4
치킨,5
치킨,2
치킨,0
치킨,0
치킨,3
치킨,4
치킨,2
치킨,5
치킨,6
치킨,6
치킨,3
치킨,3
치킨,0
치킨,6
치킨,0
치킨,0
치킨,1
치킨,5
치킨,3
치킨,3
치킨,1
치킨,2
치킨,2
치킨,0
치킨,2
치킨,0
치킨,1
치킨,2
치킨,0
치킨,5
치킨,3
치킨,4
치킨,5
치킨,6
치킨,0
치킨,1
치킨,0
치킨,6
치킨,3
치킨,6
치킨,1
치킨,3
치킨,3
치킨,4
치킨,1
치킨,4
치킨,5
치킨,4
치킨,6
치킨,6
치킨,0
치킨,2
치킨,4
치킨,2
치킨,5
치킨,5
치킨,3
치킨,1
치킨,1
치킨,1
치킨,1
치킨,5
치킨,3
치킨,2
치킨,4
치킨,6
치킨,1
치킨,5
치킨,6
치킨,3
치킨,0
치킨,6
치킨,6
치킨,5
치킨,0
치킨,5
치킨,1
치킨,0
치킨,4
치킨,0
치킨,1
치킨,1
치킨,3
치킨,0
치킨,2
치킨,3
치킨,2
치킨,6
치킨,4
치킨,5
치킨,0
치킨,5
치킨,3
치킨,6
치킨,5
치킨,5
치킨,2
치킨,5
치킨,5
치킨,2
치킨,0
치킨,6
치킨,6
치킨,0
치킨,6
치킨,3
치킨,4
치킨,6
치킨,6
치킨,5
치킨,1
치킨,3
치킨,5
치킨,4
치킨,2
치킨,1
치킨,5
치킨,1
치킨,3
치킨,3
치킨,6
치킨,5
치킨,5
치킨,5
치킨,3
치킨,6
치킨,1
치킨,1
치킨,1
치킨,1
치킨,2
치킨,3
치킨,3
치킨,2
치킨,5
치킨,1
치킨,6
치킨,6
치킨,6
치킨,5
치킨,6
치킨,4
치킨,6
치킨,3
치킨,2
치킨,5
치킨,5
치킨,5
치킨,6
치킨,5
치킨,4
치킨,2
치킨,4
치킨,1
치킨,1
치킨,5
치킨,4
치킨,1
치킨,5
치킨,3
치킨,1
치킨,5
치킨,1
치킨,2
치킨,4
치킨,1
치킨,4
치킨,4
치킨,2
치킨,0
치킨,2
치킨,1
치킨,3
치킨,5
치킨,4
치킨,3
치킨,1
치킨,6
치킨,4
치킨,3
치킨,1
치킨,3
치킨,3
치킨,2
치킨,5
치킨,2
치킨,6
치킨,5
치킨,2
치킨,2
치킨,2
치킨,1
치킨,5
치킨,3
치킨,5
치킨,5
치킨,4
치킨,6
치킨,3
치킨,6
치킨,6
치킨,1
치킨,1
치킨,0
치킨,0
치킨,6
치킨,6
치킨,1
치킨,5
치킨,1
치킨,2
치킨,5
치킨,1
치킨,1
치킨,4
치킨,0
치킨,3
치킨,2
치킨,5
치킨,6
치킨,4
치킨,0
치킨,6
치킨,4
치킨,5
치킨,5
치킨,3
치킨,2
치킨,1
치킨,0
치킨,5
치킨,1
치킨,1
치킨,4
치킨,3
치킨,0
치킨,0
치킨,6
치킨,1
치킨,1
치킨,0
치킨,0
치킨,2
치킨,4
치킨,6
치킨,1
치킨,6
치킨,4
치킨,6
치킨,4
치킨,4
치킨,2
치킨,2
치킨,0
치킨,1
치킨,2
치킨,5
치킨,4
치킨,6
치킨,1
치킨,4
치킨,6
치킨,6
치킨,0
치킨,3
치킨,4
치킨,6
치킨,5
치킨,5
치킨,6
치킨,2
치킨,3
치킨,6
치킨,1
치킨,0
치킨,4
치킨,4
치킨,0
치킨,5
치킨,3
치킨,2
치킨,5
치킨,5
치킨,5
치킨,2
치킨,4
치킨,3
치킨,3
치킨,3
치킨,3
치킨,5
치킨,2
치킨,1
치킨,2
치킨,4
치킨,2
치킨,3
치킨,1
치킨,4
치킨,5
치킨,5
치킨,4
치킨,3
치킨,3
치킨,3
치킨,1
치킨,5
치킨,5
치킨,1
치킨,6
치킨,1
치킨,3
치킨,3
치킨,2
치킨,1
치킨,6
치킨,5
치킨,6
치킨,4
치킨,6
치킨,6
치킨,5
치킨,4
치킨,1
치킨,1
치킨,6
치킨,6
치킨,5
치킨,5
치킨,4
치킨,4
치킨,4
치킨,2
치킨,4
치킨,0
치킨,6
치킨,6
치킨,6
치킨,2
치킨,1
치킨,0
치킨,1
치킨,6
치킨,5
치킨,1
치킨,4
치킨,4
치킨,0
치킨,3
치킨,2
치킨,2
치킨,6
치킨,3
치킨,5
치킨,1
치킨,1
치킨,5
치킨,5
치킨,3
치킨,3
치킨,5
치킨,4
치킨,4
치킨,5
치킨,0
치킨,5
치킨,4
치킨,2
치킨,5
치킨,0
치킨,4
치킨,2
치킨,1
치킨,5
치킨,0
치킨,4
치킨,5
치킨,1
치킨,1
치킨,1
치킨,3
치킨,4
치킨,5
치킨,6
치킨,4
치킨,5
치킨,1
치킨,3
치킨,3
치킨,1
치킨,3
치킨,4
치킨,1
치킨,2
치킨,0
치킨,5
치킨,1
치킨,1
치킨,5
치킨,4
치킨,5
치킨,5
치킨,0
치킨,2
치킨,6
치킨,6
치킨,3
치킨,6
치킨,4
치킨,2
치킨,4
치킨,1
치킨,6
치킨,6
치킨,6
치킨,6
치킨,6
치킨,6
치킨,1
치킨,1
치킨,6
치킨,5
치킨,1
치킨,0
치킨,5
치킨,4
치킨,0
치킨,0
치킨,4
치킨,1
치킨,4
치킨,6
치킨,1
치킨,4
치킨,6
치킨,2
치킨,0
치킨,2
치킨,2
치킨,1
치킨,0
치킨,0
치킨,5
치킨,6
치킨,3
치킨,6
치킨,6
치킨,2
치킨,6
치킨,0
치킨,2
치킨,6
치킨,3
치킨,5
치킨,1
치킨,3
치킨,2
치킨,3
치킨,5
치킨,3
치킨,3
치킨,2
치킨,6
치킨,2
치킨,0
치킨,2
치킨,0
치킨,4
치킨,2
치킨,1
치킨,1
치킨,0
치킨,6
치킨,6
치킨,5
치킨,4
치킨,2
치킨,2
치킨,1
치킨,6
치킨,5
치킨,5
치킨,5
치킨,4
치킨,1
치킨,1
치킨,6
치킨,5
치킨,3
치킨,2
치킨,0
치킨,5
치킨,4
치킨,2
치킨,2
치킨,6
치킨,6
치킨,2
치킨,2
치킨,1
치킨,4
치킨,3
치킨,2
치킨,2
치킨,4
치킨,2
치킨,0
치킨,1
치킨,1
치킨,6
치킨,6
치킨,4
치킨,3
치킨,2
치킨,2
치킨,1
치킨,6
치킨,4
치킨,3
치킨,4
치킨,1
치킨,1
치킨,0
치킨,6
치킨,4
치킨,3
치킨,2
치킨,6
치킨,5
치킨,1
치킨,2
치킨,2
치킨,0
치킨,6
치킨,4
치킨,4
치킨,2
치킨,2
치킨,0
치킨,5
치킨,3
치킨,1
치킨,1
치킨,4
치킨,4
치킨,4
치킨,3
치킨,2
치킨,2
치킨,2
치킨,1
치킨,1
치킨,1
치킨,5
치킨,2
치킨,2
치킨,1
치킨,0
치킨,5
치킨,3
치킨,1
치킨,1
치킨,0
치킨,6
치킨,5
치킨,5
치킨,6
치킨,0
치킨,5
치킨,2
치킨,1
치킨,1
치킨,0
치킨,6
치킨,6
치킨,5
치킨,2
치킨,2
치킨,1
치킨,6
치킨,2
치킨,1
치킨,0
치킨,6
치킨,5
치킨,5
치킨,1
치킨,1
치킨,1
치킨,1
치킨,6
치킨,4
치킨,2
치킨,1
치킨,0
치킨,0
치킨,0
치킨,6
치킨,6
치킨,6
치킨,1
치킨,6
치킨,6
치킨,4
치킨,2
치킨,2
치킨,1
치킨,1
치킨,5
치킨,1
치킨,6
치킨,5
치킨,5
치킨,3
치킨,2
치킨,3
치킨,1
치킨,6
치킨,3
치킨,1
치킨,1
치킨,6
치킨,4
치킨,5
치킨,6
치킨,6
치킨,1
치킨,0
치킨,6
치킨,1
치킨,1
치킨,6
치킨,5
치킨,4
치킨,3
치킨,2
치킨,2
치킨,6
치킨,5
치킨,6
치킨,5
치킨,1
치킨,1
치킨,1
치킨,6
치킨,1
치킨,1
치킨,1
치킨,0
치킨,0
치킨,5
치킨,2
치킨,6
치킨,2
치킨,1
치킨,1
치킨,6
치킨,5
치킨,4
치킨,5
치킨,6
치킨,4
치킨,2
치킨,1
치킨,5
치킨,1
치킨,5
치킨,2
치킨,2
치킨,2
치킨,1
치킨,0
치킨,3
치킨,1
치킨,1
치킨,6
치킨,5
치킨,0
치킨,5
치킨,4
치킨,2
치킨,2
치킨,6
치킨,6
치킨,3
치킨,2
치킨,6
치킨,6
치킨,3
치킨,0
치킨,5
치킨,1
치킨,0
치킨,6
치킨,5
치킨,4
치킨,2
치킨,0
치킨,6
치킨,6
치킨,5
치킨,1
치킨,5
치킨,2
치킨,0
치킨,4
치킨,1
치킨,6
치킨,6
치킨,6
치킨,2
치킨,2
치킨,6
치킨,6
치킨,4
치킨,2
치킨,2
치킨,1
치킨,0
치킨,4
치킨,4
치킨,3
치킨,2
치킨,1
치킨,1
치킨,0
치킨,0
치킨,0
치킨,1
치킨,5
치킨,6
치킨,6
치킨,5
치킨,4
치킨,0
치킨,6
치킨,4
치킨,6
치킨,0
치킨,2
치킨,5
치킨,2
치킨,3
치킨,2
치킨,6
치킨,6
치킨,6
치킨,6
치킨,3
치킨,1
치킨,1
치킨,4
치킨,0
치킨,5
치킨,4
치킨,6
치킨,3
치킨,5
치킨,0
치킨,6
치킨,5
치킨,3
치킨,3
치킨,6
치킨,6
치킨,1
치킨,5
치킨,2
치킨,0
치킨,5
치킨,2
치킨,1
치킨,5
치킨,5
치킨,6
치킨,5
치킨,1
치킨,5
치킨,1
치킨,3
치킨,1
치킨,2
치킨,2
치킨,1
치킨,6
치킨,6
치킨,6
치킨,2
치킨,2
치킨,6
치킨,4
치킨,4
치킨,1
치킨,0
치킨,5
치킨,4
치킨,4
치킨,2
치킨,2
치킨,0
치킨,6
치킨,0
치킨,6
치킨,5
치킨,4
치킨,4
치킨,3
치킨,5
치킨,3
치킨,3
치킨,1
치킨,4
치킨,2
치킨,5
치킨,0
치킨,2
치킨,0
치킨,3
치킨,3
치킨,2
치킨,5
치킨,5
치킨,2
치킨,1
치킨,1
치킨,6
치킨,6
치킨,4
치킨,1
치킨,0
치킨,1
치킨,5
치킨,3
치킨,6
치킨,1
치킨,1
치킨,6
치킨,2
치킨,6
치킨,2
치킨,6
치킨,6
치킨,3
치킨,4
치킨,2
치킨,1
치킨,2
치킨,4
치킨,3
치킨,2
치킨,4
치킨,0
치킨,6
치킨,4
치킨,0
치킨,2
치킨,6
치킨,5
치킨,1
치킨,4
치킨,1
치킨,4
치킨,6
치킨,5
치킨,6
치킨,2
치킨,6
치킨,0
치킨,5
치킨,6
치킨,3
치킨,3
치킨,1
치킨,4
치킨,1
치킨,0
치킨,0
치킨,6
치킨,5
치킨,5
치킨,4
치킨,4
치킨,3
치킨,2
치킨,5
치킨,1
치킨,2
치킨,2
치킨,0
치킨,4
치킨,4
치킨,3
치킨,0
치킨,4
치킨,0
치킨,5
치킨,5
치킨,0
치킨,6
치킨,1
치킨,1
치킨,1
치킨,5
치킨,5
치킨,2
치킨,4
치킨,0
치킨,1
치킨,2
치킨,3
치킨,3
치킨,2
치킨,2
치킨,1
치킨,6
치킨,5
치킨,4
치킨,6
치킨,2
치킨,1
치킨,6
치킨,6
치킨,2
치킨,3
치킨,1
치킨,6
치킨,2
치킨,6
치킨,4
치킨,4
치킨,4
치킨,2
치킨,1
치킨,6
치킨,1
치킨,0
치킨,4
치킨,3
치킨,2
치킨,0
치킨,6
치킨,5
치킨,2
치킨,1
치킨,0
치킨,0
치킨,1
치킨,6
치킨,6
치킨,6
치킨,6
치킨,6
치킨,5
치킨,3
치킨,3
치킨,3
치킨,5
치킨,3
치킨,3
치킨,5
치킨,2
치킨,0
치킨,5
치킨,2
치킨,0
치킨,5
치킨,3
치킨,6
치킨,6
치킨,2
치킨,0
치킨,6
치킨,5
치킨,3
치킨,5
치킨,0
치킨,6
치킨,0
치킨,1
치킨,2
치킨,5
치킨,0
치킨,5
치킨,3
치킨,0
치킨,5
치킨,6
치킨,1
치킨,1
치킨,6
치킨,4
치킨,5
치킨,2
치킨,4
치킨,1
치킨,1
치킨,0
치킨,4
치킨,1
치킨,4
치킨,6
치킨,5
치킨,6
치킨,0
치킨,0
치킨,6
치킨,4
치킨,1
치킨,6
치킨,4
치킨,2
치킨,3
치킨,1
치킨,6
치킨,5
치킨,3
치킨,5
치킨,3
치킨,0
치킨,3
치킨,2
치킨,6
치킨,2
치킨,1
치킨,3
치킨,6
치킨,6
치킨,0
치킨,6
치킨,1
치킨,5
치킨,5
치킨,1
치킨,1
치킨,1
치킨,5
치킨,1
치킨,6
치킨,1
치킨,1
치킨,1
치킨,5
치킨,4
치킨,0
치킨,3
치킨,2
치킨,2
치킨,2
치킨,2
치킨,5
치킨,5
치킨,2
치킨,5
치킨,5
치킨,5
치킨,2
치킨,2
치킨,5
치킨,4
치킨,4
치킨,1
치킨,2
치킨,1
치킨,1
치킨,3
치킨,3
치킨,1
치킨,2
치킨,0
치킨,2
치킨,2
치킨,5
치킨,0
치킨,6
치킨,3
치킨,1
치킨,5
치킨,4
치킨,6
치킨,4
치킨,3
치킨,2
치킨,5
치킨,4
치킨,6
치킨,4
치킨,3
치킨,6
치킨,4
치킨,5
치킨,5
치킨,4
치킨,5
치킨,3
치킨,5
치킨,2
치킨,6
치킨,5
치킨,6
치킨,6
치킨,6
치킨,5
치킨,1
치킨,6
치킨,4
치킨,1
치킨,0
치킨,2
치킨,1
치킨,1
치킨,1
치킨,6
치킨,4
치킨,1
치킨,0
치킨,0
치킨,6
치킨,2
치킨,2
치킨,1
치킨,6
치킨,6
치킨,5
치킨,2
치킨,2
치킨,0
치킨,0
치킨,6
치킨,0
치킨,1
치킨,2
치킨,1
치킨,1
치킨,3
치킨,1
치킨,6
치킨,6
치킨,0
치킨,1
치킨,5
치킨,6
치킨,3
치킨,1
치킨,6
치킨,4
치킨,4
치킨,0
치킨,3
치킨,2
치킨,1
치킨,1
치킨,0
치킨,0
치킨,5
치킨,2
치킨,1
치킨,0
치킨,6
치킨,4
치킨,2
치킨,2
치킨,6
치킨,0
치킨,0
치킨,6
치킨,5
치킨,4
치킨,6
치킨,1
치킨,0
치킨,6
치킨,5
치킨,5
치킨,0
치킨,0
치킨,6
치킨,5
치킨,5
치킨,5
치킨,2
치킨,1
치킨,1
치킨,3
치킨,2
치킨,1
치킨,1
치킨,3
치킨,0
치킨,4
치킨,5
치킨,4
치킨,1
치킨,1
치킨,4
치킨,4
치킨,3
치킨,3
치킨,0
치킨,0
치킨,0
치킨,6
치킨,6
치킨,6
치킨,6
치킨,5
치킨,3
치킨,3
치킨,2
치킨,0
치킨,4
치킨,3
치킨,1
치킨,5
치킨,6
치킨,4
치킨,6
치킨,3
치킨,1
치킨,5
치킨,0
치킨,2
치킨,1
치킨,6
치킨,4
치킨,2
치킨,5
치킨,3
치킨,6
치킨,6
치킨,2
치킨,2
치킨,1
치킨,1
치킨,3
치킨,2
치킨,1
치킨,4
치킨,3
치킨,1
치킨,1
치킨,1
치킨,6
치킨,5
치킨,3
치킨,1
치킨,6
치킨,5
치킨,2
치킨,2
치킨,5
치킨,5
치킨,6
치킨,4
치킨,5
치킨,4
치킨,0
치킨,6
치킨,1
치킨,1
치킨,6
치킨,6
치킨,2
치킨,1
치킨,3
치킨,1
치킨,0
치킨,2
치킨,3
치킨,2
치킨,3
치킨,0
치킨,3
치킨,0
치킨,2
치킨,6
치킨,1
치킨,2
치킨,0
치킨,0
치킨,6
치킨,3
치킨,4
치킨,1
치킨,1
치킨,5
치킨,3
치킨,3
치킨,1
치킨,4
치킨,2
치킨,2
치킨,1
치킨,6
치킨,3
치킨,5
치킨,5
치킨,1
치킨,4
치킨,4
치킨,2
치킨,1
치킨,6
치킨,5
치킨,6
치킨,3
치킨,6
치킨,5
치킨,3
치킨,3
치킨,2
치킨,1
치킨,1
치킨,6
치킨,1
치킨,5
치킨,0
치킨,6
치킨,5
치킨,4
치킨,3
치킨,2
치킨,1
치킨,6
치킨,6
치킨,5
치킨,5
치킨,5
치킨,2
치킨,1
치킨,6
치킨,5
치킨,4
치킨,0
치킨,1
치킨,5
치킨,1
치킨,6
치킨,1
치킨,4
치킨,4
치킨,2
치킨,1
치킨,0
치킨,0
치킨,0
치킨,5
치킨,2
치킨,1
치킨,1
치킨,1
치킨,1
치킨,6
치킨,1
치킨,0
치킨,1
치킨,4
치킨,1
치킨,0
치킨,0
치킨,6
치킨,6
치킨,4
치킨,3
치킨,1
치킨,5
치킨,4
치킨,2
치킨,0
치킨,0
치킨,0
치킨,3
치킨,1
치킨,5
치킨,4
치킨,5
치킨,1
치킨,5
치킨,6
치킨,3
치킨,2
치킨,0
치킨,4
치킨,3
치킨,2
치킨,2
치킨,2
치킨,6
치킨,4
치킨,2
치킨,1
치킨,1
치킨,3
치킨,6
치킨,5
치킨,4
치킨,4
치킨,3
치킨,2
치킨,0
치킨,6
치킨,5
치킨,2
치킨,1
치킨,1
치킨,5
치킨,2
치킨,4
치킨,6
치킨,5
치킨,4
치킨,4
치킨,4
치킨,4
치킨,3
치킨,3
치킨,6
치킨,6
치킨,6
치킨,1
치킨,3
치킨,2
치킨,2
치킨,3
치킨,1
치킨,0
치킨,0
치킨,0
치킨,1
치킨,2
치킨,5
치킨,2
치킨,1
치킨,2
치킨,6
치킨,6
치킨,6
치킨,3
치킨,1
치킨,5
치킨,4
치킨,6
치킨,5
치킨,3
치킨,3
치킨,3
치킨,3
치킨,2
치킨,2
치킨,3
치킨,2
치킨,6
치킨,6
치킨,1
치킨,6
치킨,5
치킨,1
치킨,1
치킨,3
치킨,2
치킨,4
치킨,0
치킨,6
치킨,2
치킨,6
치킨,1
치킨,1
치킨,6
치킨,3
치킨,3
치킨,3
치킨,3
치킨,1
치킨,1
치킨,2
치킨,5
치킨,4
치킨,6
치킨,4
치킨,5
치킨,3
치킨,4
치킨,5
치킨,6
치킨,6
치킨,5
치킨,1
치킨,4
치킨,4
치킨,1
치킨,1
치킨,3
치킨,5
치킨,4
치킨,2
치킨,5
치킨,3
치킨,2
치킨,6
치킨,0
치킨,6
치킨,1
치킨,6
치킨,4
치킨,3
치킨,1
치킨,0
치킨,5
치킨,4
치킨,5
치킨,3
치킨,0
치킨,2
치킨,2
치킨,6
치킨,6
치킨,5
치킨,3
치킨,1
치킨,5
치킨,0
치킨,4
치킨,1
치킨,3
치킨,3
치킨,1
치킨,1
치킨,3
치킨,2
치킨,1
치킨,0
치킨,0
치킨,5
치킨,5
치킨,6
치킨,5
치킨,4
치킨,1
치킨,0
치킨,5
치킨,4
치킨,1
치킨,6
치킨,0
치킨,6
치킨,6
치킨,5
치킨,1
치킨,1
치킨,5
치킨,2
치킨,2
치킨,0
치킨,4
치킨,6
치킨,5
치킨,2
치킨,0
치킨,3
치킨,2
치킨,2
치킨,3
치킨,2
치킨,0
치킨,1
치킨,4
치킨,5
치킨,0
치킨,1
치킨,2
치킨,3
치킨,6
치킨,1
치킨,4
치킨,1
치킨,1
치킨,1
치킨,5
치킨,1
치킨,0
치킨,6
치킨,3
치킨,1
치킨,1
치킨,1
치킨,0
치킨,1
치킨,6
치킨,5
치킨,2
치킨,1
치킨,5
치킨,1
치킨,1
치킨,0
치킨,6
치킨,1
치킨,4
치킨,3
치킨,1
치킨,6
치킨,4
치킨,1
치킨,2
치킨,4
치킨,0
치킨,4
치킨,5
치킨,4
치킨,2
치킨,2
치킨,1
치킨,6
치킨,1
치킨,4
치킨,5
치킨,1
치킨,3
치킨,5
치킨,5
치킨,6
치킨,2
치킨,2
치킨,5
치킨,4
치킨,4
치킨,5
치킨,5
치킨,1
치킨,6
치킨,5
치킨,2
치킨,1
치킨,6
치킨,6
치킨,1
치킨,1
치킨,4
치킨,5
치킨,4
치킨,3
치킨,4
치킨,6
치킨,3
치킨,1
치킨,4
치킨,5
치킨,5
치킨,5
치킨,5
치킨,2
치킨,1
치킨,0
치킨,5
치킨,4
치킨,0
치킨,5
치킨,3
치킨,6
치킨,5
치킨,1
치킨,2
치킨,2
치킨,1
치킨,5
치킨,1
치킨,5
치킨,4
치킨,0
치킨,6
치킨,1
치킨,2
치킨,5
치킨,3
치킨,4
치킨,3
치킨,0
치킨,6
치킨,4
치킨,6
치킨,4
치킨,1
치킨,0
치킨,4
치킨,0
치킨,2
치킨,1
치킨,4
치킨,5
치킨,6
치킨,5
치킨,6
치킨,1
치킨,6
치킨,5
치킨,5
치킨,1
치킨,6
치킨,2
치킨,6
치킨,3
치킨,5
치킨,3
치킨,1
치킨,6
치킨,4
치킨,6
치킨,0
치킨,3
치킨,5
치킨,0
치킨,2
치킨,1
치킨,1
치킨,3
치킨,5
치킨,3
치킨,0
치킨,1
치킨,1
치킨,5
치킨,0
치킨,5
치킨,5
치킨,5
치킨,0
치킨,0
치킨,6
치킨,4
치킨,1
치킨,5
치킨,4
치킨,0
치킨,2
치킨,1
치킨,6
치킨,3
치킨,1
치킨,1
치킨,3
치킨,3
치킨,1
치킨,3
치킨,3
치킨,4
치킨,0
치킨,2
치킨,1
치킨,0
치킨,6
치킨,3
치킨,1
치킨,5
치킨,2
치킨,3
치킨,3
치킨,2
치킨,6
치킨,6
치킨,5
치킨,0
치킨,5
치킨,3
치킨,6
치킨,3
치킨,0
치킨,3
치킨,3
치킨,6
치킨,5
치킨,1
치킨,3
치킨,1
치킨,1
치킨,1
치킨,5
치킨,5
치킨,4
치킨,1
치킨,1
치킨,4
치킨,6
치킨,0
치킨,6
치킨,1
치킨,6
치킨,1
치킨,6
치킨,5
치킨,6
치킨,5
치킨,1
치킨,5
치킨,4
치킨,1
치킨,3
치킨,4
치킨,2
치킨,3
치킨,5
치킨,0
치킨,1
치킨,2
치킨,6
치킨,2
치킨,5
치킨,3
치킨,1
치킨,1
치킨,1
치킨,5
치킨,1
치킨,5
치킨,5
치킨,1
치킨,1
치킨,2
치킨,1
치킨,0
치킨,5
치킨,5
치킨,5
치킨,4
치킨,5
치킨,6
치킨,2
치킨,5
치킨,1
치킨,6
치킨,3
치킨,0
치킨,0
치킨,3
치킨,4
치킨,6
치킨,1
치킨,2
치킨,2
치킨,6
치킨,0
치킨,6
치킨,6
치킨,5
치킨,2
치킨,6
치킨,3
치킨,3
치킨,0
치킨,5
치킨,2
치킨,6
치킨,1
치킨,5
치킨,4
치킨,6
치킨,4
치킨,2
치킨,5
치킨,6
치킨,0
치킨,0
치킨,2
치킨,6
치킨,5
치킨,2
치킨,5
치킨,2
치킨,5
치킨,1
치킨,1
치킨,1
치킨,0
치킨,0
치킨,5
치킨,0
치킨,2
치킨,1
치킨,0
치킨,6
치킨,6
치킨,1
치킨,0
치킨,0
치킨,6
치킨,6
치킨,6
치킨,3
치킨,2
치킨,1
치킨,0
치킨,0
치킨,5
치킨,5
치킨,3
치킨,0
치킨,2
치킨,0
치킨,6
치킨,4
치킨,3
치킨,3
치킨,2
치킨,1
치킨,2
치킨,2
치킨,1
치킨,1
치킨,6
치킨,5
치킨,3
치킨,1
치킨,6
치킨,4
치킨,1
치킨,5
치킨,2
치킨,2
치킨,1
치킨,1
치킨,0
치킨,2
치킨,3
치킨,2
치킨,1
치킨,6
치킨,6
치킨,4
치킨,0
치킨,2
치킨,4
치킨,4
치킨,2
치킨,3
치킨,2
치킨,3
치킨,2
치킨,5
치킨,1
치킨,4
치킨,2
치킨,1
치킨,6
치킨,4
치킨,4
치킨,1
치킨,6
치킨,2
치킨,1
치킨,4
치킨,3
치킨,2
치킨,2
치킨,6
치킨,2
치킨,0
치킨,3
치킨,4
치킨,0
치킨,5
치킨,2
치킨,3
치킨,6
치킨,6
치킨,3
치킨,3
치킨,5
치킨,3
치킨,0
치킨,5
치킨,1
치킨,1
치킨,3
치킨,4
치킨,6
치킨,6
치킨,6
치킨,6
치킨,6
치킨,2
치킨,5
치킨,6
치킨,1
치킨,1
치킨,4
치킨,2
치킨,4
치킨,2
치킨,1
치킨,0
치킨,4
치킨,6
치킨,3
치킨,1
치킨,3
치킨,1
치킨,6
치킨,0
치킨,6
치킨,4
치킨,6
치킨,3
치킨,3
치킨,6
치킨,4
치킨,1
치킨,0
치킨,2
치킨,5
치킨,2
치킨,0
치킨,4
치킨,4
치킨,0
치킨,1
치킨,3
치킨,0
치킨,3
치킨,2
치킨,5
치킨,6
치킨,6
치킨,1
치킨,3
치킨,3
치킨,3
치킨,6
치킨,1
치킨,6
치킨,5
치킨,5
치킨,5
치킨,1
치킨,0
치킨,6
치킨,6
치킨,5
치킨,3
치킨,5
치킨,5
치킨,6
치킨,0
치킨,2
치킨,1
치킨,3
치킨,5
치킨,3
치킨,1
치킨,1
치킨,1
치킨,5
치킨,1
치킨,1
치킨,1
치킨,6
치킨,6
치킨,2
치킨,2
치킨,6
치킨,6
치킨,3
치킨,2
치킨,0
치킨,6
치킨,1
치킨,5
치킨,5
치킨,4
치킨,0
치킨,4
치킨,2
치킨,5
치킨,2
치킨,1
치킨,4
치킨,1
치킨,5
치킨,2
치킨,2
치킨,5
치킨,2
치킨,4
치킨,0
치킨,4
치킨,3
치킨,3
치킨,2
치킨,3
치킨,1
치킨,1
치킨,2
치킨,3
치킨,5
치킨,1
치킨,1
치킨,6
치킨,1
치킨,5
치킨,5
치킨,0
치킨,3
치킨,6
치킨,6
치킨,6
치킨,2
치킨,1
치킨,3
치킨,1
치킨,4
치킨,4
치킨,6
치킨,3
치킨,5
치킨,5
치킨,1
치킨,2
치킨,2
치킨,5
치킨,4
치킨,3
치킨,4
치킨,2
치킨,5
치킨,2
치킨,5
치킨,2
치킨,1
치킨,3
치킨,5
치킨,3
치킨,2
치킨,5
치킨,3
치킨,3
치킨,0
치킨,0
치킨,6
치킨,1
치킨,1
치킨,4
치킨,5
치킨,5
치킨,5
치킨,2
치킨,0
치킨,1
치킨,3
치킨,2
치킨,1
치킨,1
치킨,1
치킨,1
치킨,1
치킨,1
치킨,1
치킨,1
치킨,0
치킨,2
치킨,1
치킨,1
치킨,5
치킨,3
치킨,5
치킨,1
치킨,3
치킨,4
치킨,4
치킨,0
치킨,1
치킨,0
치킨,2
치킨,5
치킨,1
치킨,4
치킨,6
치킨,4
치킨,1
치킨,4
치킨,6
치킨,6
치킨,5
치킨,1
치킨,4
치킨,1
치킨,4
치킨,3
치킨,5
치킨,3
치킨,1
치킨,4
치킨,0
치킨,2
치킨,1
치킨,1
치킨,6
치킨,0
치킨,3
치킨,5
치킨,0
치킨,6
치킨,5
치킨,5
치킨,4
치킨,5
치킨,5
치킨,5
치킨,0
치킨,3
치킨,1
치킨,1
치킨,5
치킨,3
치킨,1
치킨,1
치킨,6
치킨,6
치킨,1
치킨,0
치킨,2
치킨,6
치킨,5
치킨,6
치킨,1
치킨,2
치킨,4
치킨,6
치킨,3
치킨,3
치킨,5
치킨,4
치킨,5
치킨,3
치킨,6
치킨,4
치킨,0
치킨,1
치킨,5
치킨,6
치킨,3
치킨,6
치킨,6
치킨,0
치킨,5
치킨,3
치킨,3
치킨,6
치킨,6
치킨,3
치킨,4
치킨,6
치킨,0
치킨,5
치킨,2
치킨,4
치킨,6
치킨,1
치킨,5
치킨,6
치킨,0
치킨,5
치킨,3
치킨,3
치킨,5
치킨,3
치킨,5
치킨,6
치킨,4
치킨,2
치킨,1
치킨,2
치킨,1
치킨,2
치킨,2
치킨,4
치킨,5
치킨,0
치킨,3
치킨,2
치킨,6
치킨,1
치킨,1
치킨,4
치킨,1
치킨,1
치킨,6
치킨,1
치킨,3
치킨,6
치킨,3
치킨,5
치킨,1
치킨,5
치킨,4
치킨,2
치킨,6
치킨,3
치킨,3
치킨,6
치킨,0
치킨,5
치킨,6
치킨,3
치킨,1
치킨,0
치킨,3
치킨,1
치킨,4
치킨,4
치킨,3
치킨,5
치킨,3
치킨,6
치킨,5
치킨,0
치킨,5
치킨,4
치킨,5
치킨,1
치킨,1
치킨,0
치킨,4
치킨,1
치킨,0
치킨,3
치킨,6
치킨,1
치킨,6
치킨,5
치킨,1
치킨,4
치킨,2
치킨,2
치킨,6
치킨,0
치킨,2
치킨,2
치킨,1
치킨,2
치킨,3
치킨,1
치킨,5
치킨,1
치킨,1
치킨,0
치킨,3
치킨,1
치킨,3
치킨,0
치킨,3
치킨,0
치킨,2
치킨,0
치킨,1
치킨,1
치킨,5
치킨,5
치킨,5
치킨,3
치킨,5
치킨,6
치킨,1
치킨,1
치킨,5
치킨,0
치킨,3
치킨,2
치킨,6
치킨,6
치킨,4
치킨,6
치킨,5
치킨,0
치킨,5
치킨,5
치킨,1
치킨,5
치킨,4
치킨,4
치킨,4
치킨,5
치킨,1
치킨,1
치킨,2
치킨,0
치킨,2
치킨,3
치킨,2
치킨,0
치킨,5
치킨,0
치킨,4
치킨,4
치킨,4
치킨,5
치킨,5
치킨,6
치킨,5
치킨,1
치킨,6
치킨,6
치킨,2
치킨,0
치킨,0
치킨,2
치킨,5
치킨,1
치킨,4
치킨,1
치킨,0
치킨,0
치킨,3
치킨,0
치킨,1
치킨,2
치킨,6
치킨,6
치킨,6
치킨,3
치킨,5
치킨,6
치킨,3
치킨,0
치킨,6
치킨,1
치킨,1
치킨,6
치킨,2
치킨,0
치킨,4
치킨,5
치킨,6
치킨,5
치킨,1
치킨,2
치킨,6
치킨,5
치킨,0
치킨,6
치킨,5
치킨,6
치킨,6
치킨,5
치킨,3
치킨,1
치킨,5
치킨,1
치킨,6
치킨,1
치킨,5
치킨,5
치킨,1
치킨,2
치킨,2
치킨,0
치킨,5
치킨,2
치킨,5
치킨,4
치킨,2
치킨,3
치킨,0
치킨,1
치킨,0
치킨,2
치킨,1
치킨,4
치킨,3
치킨,0
치킨,4
치킨,6
치킨,4
치킨,5
치킨,1
치킨,2
치킨,6
치킨,6
치킨,2
치킨,2
치킨,2
치킨,1
치킨,5
치킨,5
치킨,0
치킨,5
치킨,0
치킨,5
치킨,6
치킨,5
치킨,1
치킨,5
치킨,3
치킨,5
치킨,3
치킨,1
치킨,3
치킨,0
치킨,6
치킨,1
치킨,6
치킨,6
치킨,6
치킨,5
치킨,6
치킨,4
치킨,5
치킨,6
치킨,1
치킨,1
치킨,6
치킨,4
치킨,6
치킨,6
치킨,3
치킨,5
중식,1
중식,0
중식,2
중식,1
중식,5
중식,1
중식,1
중식,2
중식,0
중식,2
중식,5
중식,1
중식,4
중식,3
중식,4
중식,4
중식,6
중식,1
중식,1
중식,6
중식,0
중식,4
중식,1
중식,6
중식,5
중식,4
중식,1
중식,3
중식,6
중식,5
중식,3
중식,6
중식,0
중식,2
중식,6
중식,0
중식,1
중식,5
중식,6
중식,5
중식,0
중식,4
중식,1
중식,6
중식,4
중식,6
중식,4
중식,3
중식,6
중식,2
중식,3
중식,1
중식,1
중식,4
중식,6
중식,6
중식,2
중식,6
중식,3
중식,3
중식,5
중식,5
중식,6
중식,5
중식,5
중식,3
중식,4
중식,6
중식,3
중식,0
중식,6
중식,3
중식,3
중식,1
중식,0
중식,4
중식,1
중식,5
중식,5
중식,5
중식,1
중식,1
중식,2
중식,6
중식,5
중식,2
중식,3
중식,3
중식,2
중식,2
중식,5
중식,1
중식,4
중식,6
중식,1
중식,3
중식,2
중식,5
중식,1
중식,0
중식,6
중식,3
중식,5
중식,2
중식,1
중식,1
중식,2
중식,4
중식,6
중식,6
중식,1
중식,1
중식,6
중식,2
중식,6
중식,6
중식,2
중식,5
중식,5
중식,6
중식,3
중식,2
중식,1
중식,6
중식,5
중식,2
중식,2
중식,0
중식,6
중식,2
중식,6
중식,4
중식,0
중식,6
중식,0
중식,4
중식,5
중식,3
중식,6
중식,4
중식,6
중식,4
중식,1
중식,4
중식,0
중식,5
중식,4
중식,6
중식,5
중식,5
중식,1
중식,4
중식,0
중식,0
중식,6
중식,4
중식,6
중식,6
중식,1
중식,4
중식,5
중식,5
중식,4
중식,0
중식,2
중식,3
중식,3
중식,5
중식,0
중식,5
중식,6
중식,6
중식,6
중식,0
중식,5
중식,0
중식,4
중식,0
중식,6
중식,3
중식,0
중식,6
중식,6
중식,3
중식,1
중식,6
중식,6
중식,3
중식,2
중식,2
중식,5
중식,6
중식,1
중식,1
중식,4
중식,6
중식,1
중식,5
중식,5
중식,5
중식,2
중식,6
중식,4
중식,6
중식,6
중식,1
중식,5
중식,2
중식,0
중식,4
중식,2
중식,2
중식,0
중식,1
중식,0
중식,1
중식,3
중식,0
중식,5
중식,5
중식,0
중식,0
중식,0
중식,2
중식,1
중식,6
중식,4
중식,5
중식,5
중식,4
중식,5
중식,3
중식,5
중식,2
중식,3
중식,4
중식,4
중식,6
중식,2
중식,2
중식,2
중식,6
중식,4
중식,0
중식,4
중식,6
중식,3
중식,2
중식,1
중식,5
중식,6
중식,4
중식,0
중식,0
중식,1
중식,1
중식,4
중식,5
중식,6
중식,6
중식,1
중식,1
중식,6
중식,1
중식,1
중식,2
중식,6
중식,1
중식,5
중식,3
중식,6
중식,6
중식,3
중식,2
중식,6
중식,6
중식,4
중식,0
중식,5
중식,3
중식,4
중식,3
중식,6
중식,6
중식,4
중식,6
중식,5
중식,4
중식,6
중식,6
중식,1
중식,4
중식,2
중식,5
중식,0
중식,6
중식,0
중식,4
중식,1
중식,1
중식,0
중식,0
중식,2
중식,1
중식,6
중식,6
중식,1
중식,6
중식,1
중식,4
중식,5
중식,0
중식,4
중식,5
중식,6
중식,1
중식,0
중식,5
중식,6
중식,0
중식,3
중식,2
중식,5
중식,0
중식,5
중식,3
중식,6
중식,2
중식,5
중식,5
중식,1
중식,5
중식,6
중식,6
중식,6
중식,6
중식,3
중식,5
중식,4
중식,4
중식,6
중식,0
중식,1
중식,5
중식,3
중식,5
중식,6
중식,6
중식,5
중식,5
중식,2
중식,4
중식,1
중식,3
중식,4
중식,4
중식,2
중식,3
중식,3
중식,1
중식,6
중식,2
중식,2
중식,1
중식,0
중식,1
중식,6
중식,3
중식,2
중식,0
중식,1
중식,3
중식,0
중식,1
중식,0
중식,0
중식,0
중식,1
중식,6
중식,6
중식,0
중식,2
중식,2
중식,6
중식,5
중식,3
중식,2
중식,6
중식,5
중식,1
중식,2
중식,3
중식,5
중식,5
중식,1
중식,0
중식,1
중식,2
중식,6
중식,5
중식,4
중식,1
중식,6
중식,1
중식,2
중식,6
중식,0
중식,4
중식,3
중식,5
중식,6
중식,4
중식,1
중식,6
중식,6
중식,6
중식,2
중식,5
중식,2
중식,1
중식,2
중식,4
중식,1
중식,2
중식,6
중식,6
중식,0
중식,6
중식,6
중식,3
중식,6
중식,4
중식,2
중식,1
중식,3
중식,4
중식,3
중식,6
중식,6
중식,0
중식,4
중식,5
중식,6
중식,4
중식,2
중식,5
중식,1
중식,3
중식,3
중식,0
중식,6
중식,2
중식,3
중식,6
중식,0
중식,6
중식,1
중식,1
중식,6
중식,6
중식,4
중식,0
중식,3
중식,5
중식,4
중식,2
중식,6
중식,0
중식,6
중식,6
중식,6
중식,4
중식,6
중식,4
중식,3
중식,1
중식,1
중식,5
중식,6
중식,3
중식,5
중식,5
중식,4
중식,6
중식,5
중식,1
중식,0
중식,2
중식,2
중식,6
중식,6
중식,4
중식,6
중식,4
중식,1
중식,1
중식,0
중식,1
중식,6
중식,1
중식,5
중식,5
중식,2
중식,2
중식,0
중식,4
중식,6
중식,4
중식,3
중식,1
중식,5
중식,1
중식,6
중식,6
중식,5
중식,3
중식,1
중식,3
중식,2
중식,1
중식,5
중식,5
중식,0
중식,6
중식,5
중식,1
중식,4
중식,2
중식,0
중식,0
중식,2
중식,3
중식,1
중식,6
중식,0
중식,6
중식,4
중식,0
중식,3
중식,6
중식,1
중식,5
중식,2
중식,5
중식,2
중식,1
중식,2
중식,4
중식,5
중식,4
중식,0
중식,5
중식,4
중식,6
중식,6
중식,5
중식,2
중식,1
중식,4
중식,4
중식,2
중식,6
중식,2
중식,6
중식,2
중식,5
중식,5
중식,2
중식,0
중식,0
중식,5
중식,0
중식,1
중식,0
중식,6
중식,2
중식,4
중식,3
중식,1
중식,1
중식,5
중식,2
중식,1
중식,1
중식,5
중식,3
중식,3
중식,6
중식,3
중식,2
중식,6
중식,5
중식,6
중식,5
중식,3
중식,2
중식,4
중식,0
중식,1
중식,6
중식,1
중식,5
중식,6
중식,3
중식,6
중식,4
중식,3
중식,4
중식,4
중식,6
중식,6
중식,2
중식,6
중식,5
중식,0
중식,6
중식,0
중식,3
중식,4
중식,5
중식,0
중식,3
중식,3
중식,6
중식,6
중식,1
중식,3
중식,5
중식,6
중식,6
중식,6
중식,2
중식,0
중식,2
중식,1
족발/보쌈,5
족발/보쌈,1
족발/보쌈,1
족발/보쌈,4
족발/보쌈,2
족발/보쌈,3
족발/보쌈,3
족발/보쌈,6
족발/보쌈,1
족발/보쌈,6
족발/보쌈,6
족발/보쌈,3
족발/보쌈,4
족발/보쌈,2
족발/보쌈,4
족발/보쌈,1
족발/보쌈,6
족발/보쌈,1
족발/보쌈,5
족발/보쌈,3
족발/보쌈,0
족발/보쌈,6
족발/보쌈,5
족발/보쌈,0
족발/보쌈,6
족발/보쌈,6
족발/보쌈,0
족발/보쌈,0
족발/보쌈,5
족발/보쌈,5
족발/보쌈,6
족발/보쌈,5
족발/보쌈,1
족발/보쌈,6
족발/보쌈,0
족발/보쌈,1
족발/보쌈,1
족발/보쌈,1
족발/보쌈,5
족발/보쌈,4
족발/보쌈,4
족발/보쌈,5
족발/보쌈,4
족발/보쌈,6
족발/보쌈,4
족발/보쌈,3
족발/보쌈,5
족발/보쌈,0
족발/보쌈,4
족발/보쌈,4
족발/보쌈,6
족발/보쌈,6
족발/보쌈,4
족발/보쌈,4
족발/보쌈,6
족발/보쌈,5
족발/보쌈,3
족발/보쌈,5
족발/보쌈,4
족발/보쌈,3
족발/보쌈,0
족발/보쌈,6
족발/보쌈,5
족발/보쌈,1
족발/보쌈,6
족발/보쌈,4
족발/보쌈,0
족발/보쌈,2
족발/보쌈,0
족발/보쌈,5
족발/보쌈,5
족발/보쌈,6
족발/보쌈,6
족발/보쌈,6
족발/보쌈,4
족발/보쌈,2
족발/보쌈,2
족발/보쌈,2
족발/보쌈,5
족발/보쌈,5
족발/보쌈,4
족발/보쌈,3
족발/보쌈,2
족발/보쌈,0
족발/보쌈,6
족발/보쌈,6
족발/보쌈,5
족발/보쌈,4
족발/보쌈,4
족발/보쌈,6
족발/보쌈,0
족발/보쌈,6
족발/보쌈,5
족발/보쌈,5
족발/보쌈,6
족발/보쌈,6
족발/보쌈,5
족발/보쌈,0
족발/보쌈,0
족발/보쌈,0
족발/보쌈,6
족발/보쌈,0
족발/보쌈,5
족발/보쌈,2
족발/보쌈,1
족발/보쌈,2
족발/보쌈,0
족발/보쌈,5
족발/보쌈,5
족발/보쌈,4
족발/보쌈,2
족발/보쌈,0
족발/보쌈,5
족발/보쌈,4
족발/보쌈,4
족발/보쌈,3
족발/보쌈,4
족발/보쌈,5
족발/보쌈,1
족발/보쌈,2
족발/보쌈,6
족발/보쌈,5
족발/보쌈,0
족발/보쌈,4
족발/보쌈,1
족발/보쌈,4
족발/보쌈,6
족발/보쌈,5
족발/보쌈,4
족발/보쌈,5
족발/보쌈,3
족발/보쌈,3
족발/보쌈,5
족발/보쌈,0
족발/보쌈,3
족발/보쌈,1
족발/보쌈,4
족발/보쌈,0
족발/보쌈,0
족발/보쌈,2
족발/보쌈,1
족발/보쌈,4
족발/보쌈,6
족발/보쌈,1
족발/보쌈,2
족발/보쌈,1
족발/보쌈,5
족발/보쌈,6
족발/보쌈,2
족발/보쌈,4
족발/보쌈,3
족발/보쌈,5
족발/보쌈,1
족발/보쌈,3
족발/보쌈,6
족발/보쌈,0
족발/보쌈,5
족발/보쌈,5
족발/보쌈,5
족발/보쌈,5
족발/보쌈,5
족발/보쌈,6
족발/보쌈,2
족발/보쌈,6
족발/보쌈,3
족발/보쌈,0
족발/보쌈,3
족발/보쌈,1
족발/보쌈,4
족발/보쌈,6
족발/보쌈,6
족발/보쌈,5
족발/보쌈,3
족발/보쌈,3
족발/보쌈,4
족발/보쌈,5
족발/보쌈,1
족발/보쌈,6
족발/보쌈,2
족발/보쌈,0
족발/보쌈,6
족발/보쌈,6
족발/보쌈,5
족발/보쌈,1
족발/보쌈,6
족발/보쌈,5
족발/보쌈,5
족발/보쌈,0
족발/보쌈,5
족발/보쌈,3
족발/보쌈,2
족발/보쌈,1
족발/보쌈,4
족발/보쌈,4
족발/보쌈,0
족발/보쌈,6
족발/보쌈,0
족발/보쌈,5
족발/보쌈,0
족발/보쌈,6
족발/보쌈,4
족발/보쌈,1
족발/보쌈,0
족발/보쌈,2
족발/보쌈,1
족발/보쌈,0
족발/보쌈,5
족발/보쌈,2
족발/보쌈,1
족발/보쌈,1
족발/보쌈,4
족발/보쌈,3
족발/보쌈,6
족발/보쌈,2
족발/보쌈,3
족발/보쌈,6
족발/보쌈,6
족발/보쌈,1
족발/보쌈,6
족발/보쌈,5
족발/보쌈,1
족발/보쌈,4
족발/보쌈,0
족발/보쌈,5
족발/보쌈,3
족발/보쌈,5
족발/보쌈,6
족발/보쌈,5
족발/보쌈,6
족발/보쌈,3
족발/보쌈,3
족발/보쌈,6
족발/보쌈,6
족발/보쌈,3
족발/보쌈,3
족발/보쌈,4
족발/보쌈,2
족발/보쌈,5
족발/보쌈,4
족발/보쌈,6
족발/보쌈,0
족발/보쌈,0
족발/보쌈,3
족발/보쌈,6
족발/보쌈,6
족발/보쌈,2
족발/보쌈,2
족발/보쌈,5
족발/보쌈,1
족발/보쌈,0
족발/보쌈,4
족발/보쌈,6
족발/보쌈,4
족발/보쌈,5
족발/보쌈,0
족발/보쌈,3
족발/보쌈,4
족발/보쌈,0
족발/보쌈,5
족발/보쌈,4
족발/보쌈,2
족발/보쌈,6
족발/보쌈,4
족발/보쌈,4
족발/보쌈,1
족발/보쌈,1
족발/보쌈,2
족발/보쌈,3
족발/보쌈,2
족발/보쌈,5
족발/보쌈,3
족발/보쌈,1
족발/보쌈,3
족발/보쌈,5
족발/보쌈,6
족발/보쌈,4
족발/보쌈,4
족발/보쌈,2
족발/보쌈,5
족발/보쌈,6
족발/보쌈,4
족발/보쌈,3
족발/보쌈,6
족발/보쌈,3
족발/보쌈,4
족발/보쌈,2
족발/보쌈,0
족발/보쌈,6
족발/보쌈,4
족발/보쌈,0
족발/보쌈,1
족발/보쌈,1
족발/보쌈,1
족발/보쌈,5
족발/보쌈,5
족발/보쌈,0
족발/보쌈,6
족발/보쌈,0
족발/보쌈,6
족발/보쌈,4
족발/보쌈,3
족발/보쌈,5
족발/보쌈,6
족발/보쌈,4
족발/보쌈,0
족발/보쌈,4
족발/보쌈,4
족발/보쌈,3
족발/보쌈,4
족발/보쌈,1
족발/보쌈,5
족발/보쌈,5
족발/보쌈,3
족발/보쌈,4
족발/보쌈,0
족발/보쌈,3
족발/보쌈,2
족발/보쌈,1
족발/보쌈,3
족발/보쌈,5
족발/보쌈,5
족발/보쌈,5
족발/보쌈,5
족발/보쌈,5
족발/보쌈,3
족발/보쌈,2
족발/보쌈,5
족발/보쌈,0
족발/보쌈,1
족발/보쌈,4
족발/보쌈,1
족발/보쌈,3
족발/보쌈,1
족발/보쌈,2
족발/보쌈,4
족발/보쌈,4
족발/보쌈,3
족발/보쌈,6
족발/보쌈,1
족발/보쌈,2
족발/보쌈,6
족발/보쌈,3
족발/보쌈,5
족발/보쌈,2
족발/보쌈,1
족발/보쌈,3
족발/보쌈,2
족발/보쌈,6
족발/보쌈,6
족발/보쌈,6
족발/보쌈,5
족발/보쌈,1
족발/보쌈,1
족발/보쌈,6
족발/보쌈,5
족발/보쌈,1
족발/보쌈,3
족발/보쌈,4
족발/보쌈,3
족발/보쌈,1
족발/보쌈,6
족발/보쌈,5
족발/보쌈,5
족발/보쌈,3
족발/보쌈,6
족발/보쌈,6
족발/보쌈,3
족발/보쌈,6
족발/보쌈,3
족발/보쌈,1
족발/보쌈,4
족발/보쌈,5
족발/보쌈,0
족발/보쌈,6
족발/보쌈,5
족발/보쌈,3
족발/보쌈,0
족발/보쌈,4
족발/보쌈,0
족발/보쌈,1
족발/보쌈,1
족발/보쌈,6
족발/보쌈,6
족발/보쌈,5
족발/보쌈,3
족발/보쌈,6
족발/보쌈,0
족발/보쌈,6
족발/보쌈,5
족발/보쌈,3
족발/보쌈,0
족발/보쌈,3
족발/보쌈,6
족발/보쌈,6
족발/보쌈,2
족발/보쌈,5
족발/보쌈,6
족발/보쌈,5
족발/보쌈,5
족발/보쌈,5
족발/보쌈,5
족발/보쌈,0
족발/보쌈,2
족발/보쌈,6
족발/보쌈,6
족발/보쌈,5
족발/보쌈,3
족발/보쌈,4
족발/보쌈,0
족발/보쌈,5
족발/보쌈,6
족발/보쌈,3
족발/보쌈,5
족발/보쌈,1
족발/보쌈,0
족발/보쌈,1
족발/보쌈,0
족발/보쌈,5
족발/보쌈,3
족발/보쌈,1
족발/보쌈,6
족발/보쌈,2
족발/보쌈,0
족발/보쌈,5
족발/보쌈,1
족발/보쌈,3
족발/보쌈,1
족발/보쌈,6
족발/보쌈,0
족발/보쌈,6
족발/보쌈,3
족발/보쌈,0
족발/보쌈,1
족발/보쌈,5
족발/보쌈,5
족발/보쌈,3
족발/보쌈,3
족발/보쌈,1
족발/보쌈,5
족발/보쌈,3
족발/보쌈,6
족발/보쌈,1
족발/보쌈,6
족발/보쌈,6
족발/보쌈,6
족발/보쌈,4
족발/보쌈,4
족발/보쌈,3
족발/보쌈,6
족발/보쌈,1
족발/보쌈,1
족발/보쌈,6
족발/보쌈,4
족발/보쌈,6
족발/보쌈,5
족발/보쌈,2
족발/보쌈,2
족발/보쌈,6
족발/보쌈,6
족발/보쌈,0
족발/보쌈,3
족발/보쌈,3
족발/보쌈,4
족발/보쌈,0
족발/보쌈,0
족발/보쌈,4
족발/보쌈,4
족발/보쌈,5
족발/보쌈,1
족발/보쌈,1
족발/보쌈,4
족발/보쌈,0
족발/보쌈,3
족발/보쌈,6
족발/보쌈,6
족발/보쌈,2
족발/보쌈,2
족발/보쌈,2
족발/보쌈,5
족발/보쌈,2
족발/보쌈,2
족발/보쌈,2
족발/보쌈,0
족발/보쌈,3
족발/보쌈,4
족발/보쌈,6
족발/보쌈,1
족발/보쌈,3
족발/보쌈,0
족발/보쌈,3
족발/보쌈,5
족발/보쌈,5
족발/보쌈,2
족발/보쌈,2
족발/보쌈,1
족발/보쌈,0
족발/보쌈,4
족발/보쌈,3
족발/보쌈,3
족발/보쌈,6
족발/보쌈,5
족발/보쌈,2
족발/보쌈,3
족발/보쌈,0
족발/보쌈,6
족발/보쌈,4
족발/보쌈,6
족발/보쌈,0
족발/보쌈,6
족발/보쌈,6
족발/보쌈,3
족발/보쌈,5
족발/보쌈,5
족발/보쌈,0
족발/보쌈,2
족발/보쌈,1
족발/보쌈,0
족발/보쌈,5
족발/보쌈,0
족발/보쌈,6
족발/보쌈,4
족발/보쌈,0
족발/보쌈,5
족발/보쌈,2
족발/보쌈,0
족발/보쌈,1
족발/보쌈,5
족발/보쌈,5
족발/보쌈,1
족발/보쌈,6
족발/보쌈,4
족발/보쌈,3
족발/보쌈,3
족발/보쌈,5
족발/보쌈,3
족발/보쌈,4
족발/보쌈,3
족발/보쌈,1
족발/보쌈,4
족발/보쌈,0
족발/보쌈,6
족발/보쌈,5
족발/보쌈,5
족발/보쌈,4
족발/보쌈,5
족발/보쌈,5
족발/보쌈,5
족발/보쌈,3
족발/보쌈,1
족발/보쌈,6
족발/보쌈,1
족발/보쌈,2
족발/보쌈,5
족발/보쌈,0
족발/보쌈,5
족발/보쌈,0
족발/보쌈,5
족발/보쌈,1
족발/보쌈,2
족발/보쌈,0
족발/보쌈,0
족발/보쌈,4
족발/보쌈,4
족발/보쌈,3
족발/보쌈,1
족발/보쌈,1
족발/보쌈,6
족발/보쌈,4
족발/보쌈,6
족발/보쌈,6
족발/보쌈,6
족발/보쌈,4
족발/보쌈,4
족발/보쌈,3
족발/보쌈,1
족발/보쌈,1
족발/보쌈,6
족발/보쌈,4
족발/보쌈,0
족발/보쌈,6
족발/보쌈,4
족발/보쌈,4
족발/보쌈,5
족발/보쌈,5
족발/보쌈,4
족발/보쌈,3
족발/보쌈,2
족발/보쌈,0
족발/보쌈,2
족발/보쌈,1
족발/보쌈,3
족발/보쌈,6
족발/보쌈,1
족발/보쌈,5
족발/보쌈,2
족발/보쌈,3
족발/보쌈,6
족발/보쌈,4
족발/보쌈,4
족발/보쌈,3
족발/보쌈,0
족발/보쌈,6
족발/보쌈,2
족발/보쌈,5
족발/보쌈,0
족발/보쌈,6
족발/보쌈,5
족발/보쌈,5
족발/보쌈,5
족발/보쌈,1
족발/보쌈,6
족발/보쌈,5
족발/보쌈,4
족발/보쌈,4
족발/보쌈,4
족발/보쌈,1
족발/보쌈,1
족발/보쌈,6
족발/보쌈,5
족발/보쌈,4
족발/보쌈,6
족발/보쌈,3
족발/보쌈,0
족발/보쌈,0
족발/보쌈,2
족발/보쌈,3
족발/보쌈,5
족발/보쌈,2
족발/보쌈,4
족발/보쌈,5
족발/보쌈,1
족발/보쌈,2
족발/보쌈,6
족발/보쌈,5
족발/보쌈,5
족발/보쌈,1
족발/보쌈,1
족발/보쌈,1
족발/보쌈,1
족발/보쌈,5
족발/보쌈,5
족발/보쌈,3
족발/보쌈,0
족발/보쌈,5
족발/보쌈,4
족발/보쌈,0
족발/보쌈,0
족발/보쌈,6
족발/보쌈,5
족발/보쌈,0
족발/보쌈,5
족발/보쌈,4
족발/보쌈,6
족발/보쌈,4
족발/보쌈,4
족발/보쌈,5
족발/보쌈,1
족발/보쌈,0
족발/보쌈,5
족발/보쌈,4
족발/보쌈,6
족발/보쌈,6
족발/보쌈,4
족발/보쌈,4
족발/보쌈,5
족발/보쌈,1
족발/보쌈,0
족발/보쌈,5
족발/보쌈,0
족발/보쌈,0
족발/보쌈,5
족발/보쌈,6
족발/보쌈,2
족발/보쌈,5
족발/보쌈,5
족발/보쌈,4
족발/보쌈,4
족발/보쌈,0
족발/보쌈,5
족발/보쌈,4
족발/보쌈,1
족발/보쌈,2
족발/보쌈,2
족발/보쌈,6
족발/보쌈,0
족발/보쌈,6
족발/보쌈,6
족발/보쌈,6
족발/보쌈,6
족발/보쌈,4
족발/보쌈,6
족발/보쌈,5
족발/보쌈,3
족발/보쌈,0
족발/보쌈,6
족발/보쌈,0
족발/보쌈,4
족발/보쌈,1
족발/보쌈,5
족발/보쌈,5
족발/보쌈,2
족발/보쌈,6
족발/보쌈,5
족발/보쌈,3
족발/보쌈,1
족발/보쌈,0
족발/보쌈,3
족발/보쌈,6
족발/보쌈,1
족발/보쌈,3
족발/보쌈,6
족발/보쌈,2
족발/보쌈,1
족발/보쌈,2
족발/보쌈,1
족발/보쌈,4
족발/보쌈,5
족발/보쌈,3
족발/보쌈,6
족발/보쌈,4
족발/보쌈,3
족발/보쌈,4
족발/보쌈,2
족발/보쌈,6
족발/보쌈,0
족발/보쌈,6
족발/보쌈,5
족발/보쌈,5
족발/보쌈,5
족발/보쌈,3
족발/보쌈,5
족발/보쌈,2
족발/보쌈,6
족발/보쌈,1
족발/보쌈,6
족발/보쌈,4
족발/보쌈,1
족발/보쌈,3
족발/보쌈,1
족발/보쌈,5
족발/보쌈,0
족발/보쌈,6
족발/보쌈,4
족발/보쌈,6
족발/보쌈,5
족발/보쌈,5
족발/보쌈,5
족발/보쌈,4
족발/보쌈,5
족발/보쌈,4
족발/보쌈,0
족발/보쌈,0
족발/보쌈,0
족발/보쌈,6
족발/보쌈,6
족발/보쌈,6
족발/보쌈,0
족발/보쌈,6
족발/보쌈,5
족발/보쌈,5
족발/보쌈,3
족발/보쌈,2
족발/보쌈,6
족발/보쌈,6
족발/보쌈,4
족발/보쌈,4
족발/보쌈,3
족발/보쌈,5
족발/보쌈,4
족발/보쌈,3
족발/보쌈,2
족발/보쌈,5
족발/보쌈,5
족발/보쌈,1
족발/보쌈,6
족발/보쌈,5
족발/보쌈,3
족발/보쌈,5
족발/보쌈,5
족발/보쌈,1
족발/보쌈,6
족발/보쌈,4
족발/보쌈,1
족발/보쌈,0
족발/보쌈,6
족발/보쌈,5
족발/보쌈,3
족발/보쌈,2
족발/보쌈,1
족발/보쌈,6
족발/보쌈,4
족발/보쌈,3
족발/보쌈,1
족발/보쌈,1
족발/보쌈,5
족발/보쌈,5
족발/보쌈,5
족발/보쌈,5
족발/보쌈,4
족발/보쌈,3
족발/보쌈,2
족발/보쌈,6
족발/보쌈,6
족발/보쌈,5
족발/보쌈,5
족발/보쌈,0
족발/보쌈,6
족발/보쌈,6
족발/보쌈,5
족발/보쌈,5
족발/보쌈,2
족발/보쌈,2
족발/보쌈,2
족발/보쌈,6
족발/보쌈,6
족발/보쌈,5
족발/보쌈,4
족발/보쌈,3
족발/보쌈,2
족발/보쌈,6
족발/보쌈,5
족발/보쌈,5
족발/보쌈,4
족발/보쌈,2
족발/보쌈,6
족발/보쌈,6
족발/보쌈,6
족발/보쌈,6
족발/보쌈,5
족발/보쌈,5
족발/보쌈,2
족발/보쌈,0
족발/보쌈,6
족발/보쌈,1
족발/보쌈,4
족발/보쌈,1
족발/보쌈,6
족발/보쌈,3
족발/보쌈,2
족발/보쌈,5
족발/보쌈,5
족발/보쌈,2
족발/보쌈,5
족발/보쌈,3
족발/보쌈,5
족발/보쌈,3
족발/보쌈,5
족발/보쌈,1
족발/보쌈,0
족발/보쌈,6
족발/보쌈,5
족발/보쌈,6
족발/보쌈,0
족발/보쌈,5
족발/보쌈,0
족발/보쌈,5
족발/보쌈,4
족발/보쌈,6
족발/보쌈,0
족발/보쌈,4
족발/보쌈,4
족발/보쌈,3
족발/보쌈,5
족발/보쌈,1
족발/보쌈,1
족발/보쌈,6
족발/보쌈,6
족발/보쌈,4
족발/보쌈,0
족발/보쌈,0
족발/보쌈,1
족발/보쌈,6
족발/보쌈,4
족발/보쌈,3
족발/보쌈,6
족발/보쌈,6
족발/보쌈,2
족발/보쌈,6
족발/보쌈,3
족발/보쌈,3
족발/보쌈,5
족발/보쌈,1
족발/보쌈,5
족발/보쌈,3
족발/보쌈,0
족발/보쌈,3
족발/보쌈,5
족발/보쌈,5
족발/보쌈,1
족발/보쌈,0
족발/보쌈,3
족발/보쌈,0
족발/보쌈,5
족발/보쌈,5
족발/보쌈,4
족발/보쌈,3
족발/보쌈,2
족발/보쌈,2
족발/보쌈,3
족발/보쌈,4
족발/보쌈,1
족발/보쌈,0
족발/보쌈,3
족발/보쌈,2
족발/보쌈,1
족발/보쌈,0
족발/보쌈,6
족발/보쌈,5
족발/보쌈,5
족발/보쌈,0
족발/보쌈,0
족발/보쌈,2
족발/보쌈,5
족발/보쌈,4
족발/보쌈,2
족발/보쌈,1
족발/보쌈,5
족발/보쌈,1
족발/보쌈,2
족발/보쌈,4
족발/보쌈,4
족발/보쌈,3
족발/보쌈,0
족발/보쌈,5
족발/보쌈,5
족발/보쌈,4
족발/보쌈,4
족발/보쌈,5
족발/보쌈,2
족발/보쌈,0
족발/보쌈,6
족발/보쌈,4
족발/보쌈,3
족발/보쌈,1
족발/보쌈,6
족발/보쌈,5
족발/보쌈,1
족발/보쌈,0
족발/보쌈,4
족발/보쌈,4
족발/보쌈,3
족발/보쌈,0
족발/보쌈,5
족발/보쌈,4
족발/보쌈,0
족발/보쌈,6
족발/보쌈,6
족발/보쌈,6
족발/보쌈,5
족발/보쌈,5
족발/보쌈,4
족발/보쌈,4
족발/보쌈,2
족발/보쌈,2
족발/보쌈,1
족발/보쌈,6
족발/보쌈,1
족발/보쌈,1
족발/보쌈,1
족발/보쌈,0
족발/보쌈,0
족발/보쌈,6
족발/보쌈,5
족발/보쌈,4
족발/보쌈,4
족발/보쌈,3
족발/보쌈,3
족발/보쌈,0
족발/보쌈,6
족발/보쌈,5
족발/보쌈,1
족발/보쌈,1
족발/보쌈,0
족발/보쌈,0
족발/보쌈,0
족발/보쌈,6
족발/보쌈,5
족발/보쌈,4
족발/보쌈,3
족발/보쌈,2
족발/보쌈,2
족발/보쌈,6
족발/보쌈,5
족발/보쌈,1
족발/보쌈,0
족발/보쌈,0
족발/보쌈,5
족발/보쌈,4
족발/보쌈,1
족발/보쌈,6
족발/보쌈,6
족발/보쌈,5
족발/보쌈,4
족발/보쌈,3
족발/보쌈,6
족발/보쌈,6
족발/보쌈,1
족발/보쌈,0
족발/보쌈,0
족발/보쌈,0
족발/보쌈,6
족발/보쌈,6
족발/보쌈,6
족발/보쌈,5
족발/보쌈,5
족발/보쌈,5
족발/보쌈,3
족발/보쌈,2
족발/보쌈,6
족발/보쌈,6
족발/보쌈,5
족발/보쌈,5
족발/보쌈,5
족발/보쌈,5
족발/보쌈,5
족발/보쌈,4
족발/보쌈,2
족발/보쌈,1
족발/보쌈,6
족발/보쌈,6
족발/보쌈,5
족발/보쌈,5
족발/보쌈,5
족발/보쌈,4
족발/보쌈,4
족발/보쌈,4
족발/보쌈,1
족발/보쌈,1
족발/보쌈,6
족발/보쌈,6
족발/보쌈,6
족발/보쌈,5
족발/보쌈,4
족발/보쌈,3
족발/보쌈,2
족발/보쌈,6
족발/보쌈,5
족발/보쌈,4
족발/보쌈,3
족발/보쌈,3
족발/보쌈,3
족발/보쌈,3
족발/보쌈,3
족발/보쌈,2
족발/보쌈,6
족발/보쌈,6
족발/보쌈,6
족발/보쌈,6
족발/보쌈,4
족발/보쌈,3
족발/보쌈,3
족발/보쌈,1
족발/보쌈,0
족발/보쌈,6
족발/보쌈,5
족발/보쌈,3
족발/보쌈,2
족발/보쌈,1
족발/보쌈,0
족발/보쌈,0
족발/보쌈,6
족발/보쌈,6
족발/보쌈,5
족발/보쌈,5
족발/보쌈,5
족발/보쌈,5
족발/보쌈,5
족발/보쌈,4
족발/보쌈,4
족발/보쌈,0
족발/보쌈,6
족발/보쌈,3
족발/보쌈,1
족발/보쌈,6
족발/보쌈,5
족발/보쌈,4
족발/보쌈,3
족발/보쌈,3
족발/보쌈,3
족발/보쌈,2
족발/보쌈,2
족발/보쌈,2
족발/보쌈,1
족발/보쌈,1
족발/보쌈,0
족발/보쌈,4
족발/보쌈,3
족발/보쌈,2
족발/보쌈,2
족발/보쌈,2
족발/보쌈,0
족발/보쌈,0
족발/보쌈,0
족발/보쌈,5
족발/보쌈,5
족발/보쌈,5
족발/보쌈,5
족발/보쌈,5
족발/보쌈,4
족발/보쌈,3
족발/보쌈,0
족발/보쌈,6
족발/보쌈,6
족발/보쌈,6
족발/보쌈,5
족발/보쌈,5
족발/보쌈,5
족발/보쌈,4
족발/보쌈,4
족발/보쌈,2
족발/보쌈,1
족발/보쌈,0
족발/보쌈,4
족발/보쌈,1
족발/보쌈,1
족발/보쌈,6
족발/보쌈,5
족발/보쌈,5
족발/보쌈,3
족발/보쌈,3
족발/보쌈,2
족발/보쌈,0
족발/보쌈,6
족발/보쌈,5
족발/보쌈,4
족발/보쌈,4
족발/보쌈,3
족발/보쌈,0
족발/보쌈,0
족발/보쌈,5
족발/보쌈,3
족발/보쌈,1
족발/보쌈,5
족발/보쌈,0
족발/보쌈,6
족발/보쌈,2
족발/보쌈,1
족발/보쌈,4
족발/보쌈,3
족발/보쌈,6
족발/보쌈,5
족발/보쌈,6
족발/보쌈,3
족발/보쌈,2
족발/보쌈,2
족발/보쌈,5
족발/보쌈,6
족발/보쌈,3
족발/보쌈,4
족발/보쌈,6
족발/보쌈,5
족발/보쌈,1
족발/보쌈,4
족발/보쌈,5
족발/보쌈,5
족발/보쌈,6
족발/보쌈,0
족발/보쌈,6
족발/보쌈,5
족발/보쌈,2
족발/보쌈,5
족발/보쌈,6
족발/보쌈,5
족발/보쌈,4
족발/보쌈,6
족발/보쌈,5
족발/보쌈,5
족발/보쌈,4
족발/보쌈,6
족발/보쌈,5
족발/보쌈,5
족발/보쌈,6
족발/보쌈,6
족발/보쌈,4
족발/보쌈,0
족발/보쌈,1
족발/보쌈,0
족발/보쌈,5
족발/보쌈,4
족발/보쌈,4
족발/보쌈,4
족발/보쌈,3
족발/보쌈,0
족발/보쌈,4
족발/보쌈,4
족발/보쌈,5
족발/보쌈,2
족발/보쌈,6
족발/보쌈,3
족발/보쌈,2
족발/보쌈,5
족발/보쌈,6
족발/보쌈,3
족발/보쌈,5
족발/보쌈,4
족발/보쌈,4
족발/보쌈,6
족발/보쌈,3
족발/보쌈,3
족발/보쌈,3
족발/보쌈,0
족발/보쌈,6
족발/보쌈,6
족발/보쌈,4
족발/보쌈,6
족발/보쌈,3
족발/보쌈,1
족발/보쌈,6
족발/보쌈,2
족발/보쌈,3
족발/보쌈,2
족발/보쌈,4
족발/보쌈,0
족발/보쌈,6
족발/보쌈,5
족발/보쌈,1
족발/보쌈,6
족발/보쌈,0
족발/보쌈,5
족발/보쌈,1
족발/보쌈,6
족발/보쌈,5
족발/보쌈,4
족발/보쌈,6
족발/보쌈,1
족발/보쌈,0
족발/보쌈,5
족발/보쌈,0
족발/보쌈,3
족발/보쌈,4
족발/보쌈,1
족발/보쌈,5
족발/보쌈,2
족발/보쌈,4
족발/보쌈,3
족발/보쌈,3
족발/보쌈,5
족발/보쌈,3
족발/보쌈,5
족발/보쌈,0
족발/보쌈,1
족발/보쌈,2
족발/보쌈,5
족발/보쌈,2
족발/보쌈,1
족발/보쌈,1
족발/보쌈,5
족발/보쌈,6
족발/보쌈,4
족발/보쌈,2
족발/보쌈,5
족발/보쌈,4
족발/보쌈,6
족발/보쌈,5
족발/보쌈,0
족발/보쌈,0
족발/보쌈,4
족발/보쌈,5
족발/보쌈,6
족발/보쌈,0
족발/보쌈,2
족발/보쌈,5
족발/보쌈,0
족발/보쌈,6
족발/보쌈,0
족발/보쌈,4
족발/보쌈,1
족발/보쌈,4
족발/보쌈,6
족발/보쌈,4
족발/보쌈,2
족발/보쌈,2
족발/보쌈,6
족발/보쌈,5
족발/보쌈,4
족발/보쌈,2
족발/보쌈,0
족발/보쌈,0
족발/보쌈,6
족발/보쌈,4
족발/보쌈,4
족발/보쌈,1
족발/보쌈,2
족발/보쌈,0
족발/보쌈,6
족발/보쌈,6
족발/보쌈,5
족발/보쌈,3
족발/보쌈,2
족발/보쌈,4
족발/보쌈,0
족발/보쌈,6
족발/보쌈,6
족발/보쌈,4
족발/보쌈,3
족발/보쌈,6
족발/보쌈,5
족발/보쌈,3
족발/보쌈,2
족발/보쌈,5
족발/보쌈,6
족발/보쌈,5
족발/보쌈,0
족발/보쌈,4
족발/보쌈,3
족발/보쌈,2
족발/보쌈,5
족발/보쌈,3
족발/보쌈,2
족발/보쌈,6
족발/보쌈,4
족발/보쌈,2
족발/보쌈,6
족발/보쌈,3
족발/보쌈,0
족발/보쌈,6
족발/보쌈,3
족발/보쌈,2
족발/보쌈,0
족발/보쌈,5
족발/보쌈,2
족발/보쌈,1
족발/보쌈,6
족발/보쌈,4
족발/보쌈,3
족발/보쌈,1
족발/보쌈,4
족발/보쌈,4
족발/보쌈,3
족발/보쌈,0
족발/보쌈,2
족발/보쌈,1
족발/보쌈,0
족발/보쌈,0
족발/보쌈,6
족발/보쌈,6
족발/보쌈,5
족발/보쌈,5
족발/보쌈,5
족발/보쌈,4
족발/보쌈,4
족발/보쌈,2
족발/보쌈,6
족발/보쌈,6
족발/보쌈,6
족발/보쌈,5
족발/보쌈,4
족발/보쌈,2
족발/보쌈,4
족발/보쌈,3
족발/보쌈,6
족발/보쌈,4
족발/보쌈,4
족발/보쌈,0
족발/보쌈,3
족발/보쌈,2
족발/보쌈,2
족발/보쌈,6
족발/보쌈,5
족발/보쌈,5
족발/보쌈,6
족발/보쌈,0
족발/보쌈,1
족발/보쌈,4
족발/보쌈,0
족발/보쌈,5
족발/보쌈,5
족발/보쌈,6
족발/보쌈,2
족발/보쌈,0
족발/보쌈,5
족발/보쌈,6
족발/보쌈,2
족발/보쌈,5
족발/보쌈,3
족발/보쌈,4
족발/보쌈,4
족발/보쌈,4
족발/보쌈,5
족발/보쌈,0
족발/보쌈,6
족발/보쌈,4
족발/보쌈,3
족발/보쌈,6
족발/보쌈,6
족발/보쌈,2
족발/보쌈,6
족발/보쌈,5
족발/보쌈,6
족발/보쌈,5
족발/보쌈,4
족발/보쌈,4
족발/보쌈,0
족발/보쌈,1
족발/보쌈,0
족발/보쌈,0
족발/보쌈,5
족발/보쌈,0
족발/보쌈,2
족발/보쌈,4
족발/보쌈,6
족발/보쌈,3
족발/보쌈,1
족발/보쌈,3
족발/보쌈,6
족발/보쌈,5
족발/보쌈,4
족발/보쌈,5
족발/보쌈,4
족발/보쌈,3
족발/보쌈,3
족발/보쌈,6
족발/보쌈,5
족발/보쌈,1
족발/보쌈,1
족발/보쌈,6
족발/보쌈,5
족발/보쌈,4
족발/보쌈,3
족발/보쌈,2
족발/보쌈,1
족발/보쌈,4
족발/보쌈,2
족발/보쌈,0
족발/보쌈,0
족발/보쌈,6
족발/보쌈,6
족발/보쌈,3
족발/보쌈,3
족발/보쌈,2
족발/보쌈,4
족발/보쌈,4
족발/보쌈,4
족발/보쌈,2
족발/보쌈,0
족발/보쌈,0
족발/보쌈,6
족발/보쌈,3
족발/보쌈,6
족발/보쌈,6
족발/보쌈,6
족발/보쌈,5
족발/보쌈,4
족발/보쌈,3
족발/보쌈,3
족발/보쌈,2
족발/보쌈,2
족발/보쌈,0
족발/보쌈,0
족발/보쌈,6
족발/보쌈,2
족발/보쌈,1
족발/보쌈,1
족발/보쌈,5
족발/보쌈,3
족발/보쌈,1
족발/보쌈,4
족발/보쌈,2
족발/보쌈,1
족발/보쌈,4
족발/보쌈,4
족발/보쌈,4
족발/보쌈,3
족발/보쌈,2
족발/보쌈,2
족발/보쌈,0
족발/보쌈,6
족발/보쌈,4
족발/보쌈,3
족발/보쌈,1
족발/보쌈,3
족발/보쌈,1
족발/보쌈,6
족발/보쌈,1
족발/보쌈,1
족발/보쌈,0
족발/보쌈,6
족발/보쌈,1
족발/보쌈,0
족발/보쌈,5
족발/보쌈,4
족발/보쌈,5
족발/보쌈,3
족발/보쌈,2
족발/보쌈,6
족발/보쌈,1
족발/보쌈,1
족발/보쌈,6
족발/보쌈,4
족발/보쌈,3
족발/보쌈,2
족발/보쌈,0
족발/보쌈,6
족발/보쌈,5
족발/보쌈,4
족발/보쌈,1
족발/보쌈,1
족발/보쌈,5
족발/보쌈,5
족발/보쌈,5
족발/보쌈,5
족발/보쌈,4
족발/보쌈,4
족발/보쌈,1
족발/보쌈,1
족발/보쌈,6
족발/보쌈,6
족발/보쌈,5
족발/보쌈,4
족발/보쌈,1
족발/보쌈,6
족발/보쌈,6
족발/보쌈,5
족발/보쌈,5
족발/보쌈,1
족발/보쌈,0
족발/보쌈,6
족발/보쌈,6
족발/보쌈,6
족발/보쌈,5
족발/보쌈,2
족발/보쌈,1
족발/보쌈,0
족발/보쌈,6
족발/보쌈,6
족발/보쌈,3
족발/보쌈,3
족발/보쌈,2
족발/보쌈,1
족발/보쌈,0
족발/보쌈,4
족발/보쌈,2
족발/보쌈,6
족발/보쌈,3
족발/보쌈,6
족발/보쌈,0
족발/보쌈,0
족발/보쌈,6
족발/보쌈,6
족발/보쌈,4
족발/보쌈,5
족발/보쌈,1
족발/보쌈,0
족발/보쌈,4
족발/보쌈,6
족발/보쌈,6
족발/보쌈,3
족발/보쌈,1
족발/보쌈,6
족발/보쌈,6
족발/보쌈,5
족발/보쌈,2
족발/보쌈,5
족발/보쌈,4
족발/보쌈,5
족발/보쌈,6
족발/보쌈,5
족발/보쌈,0
족발/보쌈,1
족발/보쌈,3
족발/보쌈,5
족발/보쌈,1
족발/보쌈,1
족발/보쌈,6
족발/보쌈,2
족발/보쌈,6
족발/보쌈,6
족발/보쌈,1
족발/보쌈,5
족발/보쌈,1
족발/보쌈,5
족발/보쌈,2
족발/보쌈,3
족발/보쌈,4
족발/보쌈,3
족발/보쌈,1
족발/보쌈,5
족발/보쌈,5
족발/보쌈,0
족발/보쌈,6
족발/보쌈,3
족발/보쌈,5
족발/보쌈,4
족발/보쌈,6
족발/보쌈,2
족발/보쌈,0
족발/보쌈,6
족발/보쌈,6
족발/보쌈,5
족발/보쌈,5
족발/보쌈,3
족발/보쌈,2
족발/보쌈,1
족발/보쌈,0
족발/보쌈,0
족발/보쌈,4
족발/보쌈,2
족발/보쌈,5
족발/보쌈,2
족발/보쌈,1
족발/보쌈,2
족발/보쌈,1
족발/보쌈,4
족발/보쌈,6
족발/보쌈,5
족발/보쌈,1
족발/보쌈,5
족발/보쌈,2
족발/보쌈,4
족발/보쌈,1
족발/보쌈,6
족발/보쌈,3
족발/보쌈,0
족발/보쌈,2
족발/보쌈,5
족발/보쌈,1
족발/보쌈,3
족발/보쌈,1
족발/보쌈,5
족발/보쌈,3
족발/보쌈,4
족발/보쌈,0
족발/보쌈,2
족발/보쌈,4
족발/보쌈,6
족발/보쌈,2
족발/보쌈,6
족발/보쌈,6
족발/보쌈,1
족발/보쌈,5
족발/보쌈,6
족발/보쌈,6
족발/보쌈,1
족발/보쌈,4
족발/보쌈,4
족발/보쌈,2
족발/보쌈,3
족발/보쌈,0
족발/보쌈,0
족발/보쌈,3
족발/보쌈,2
족발/보쌈,2
족발/보쌈,3
족발/보쌈,0
족발/보쌈,3
족발/보쌈,1
족발/보쌈,6
족발/보쌈,1
족발/보쌈,6
족발/보쌈,6
족발/보쌈,3
족발/보쌈,2
족발/보쌈,5
족발/보쌈,4
족발/보쌈,4
족발/보쌈,4
족발/보쌈,3
족발/보쌈,3
족발/보쌈,2
족발/보쌈,1
족발/보쌈,2
족발/보쌈,1
족발/보쌈,5
족발/보쌈,5
족발/보쌈,6
족발/보쌈,4
족발/보쌈,0
족발/보쌈,4
족발/보쌈,6
족발/보쌈,0
족발/보쌈,5
족발/보쌈,3
족발/보쌈,5
족발/보쌈,3
족발/보쌈,1
족발/보쌈,3
족발/보쌈,3
족발/보쌈,6
족발/보쌈,3
족발/보쌈,1
족발/보쌈,4
족발/보쌈,4
족발/보쌈,5
족발/보쌈,5
족발/보쌈,5
족발/보쌈,1
족발/보쌈,4
족발/보쌈,6
족발/보쌈,6
족발/보쌈,3
족발/보쌈,6
족발/보쌈,3
족발/보쌈,2
족발/보쌈,0
족발/보쌈,0
족발/보쌈,4
족발/보쌈,1
족발/보쌈,1
족발/보쌈,2
족발/보쌈,3
족발/보쌈,2
족발/보쌈,1
족발/보쌈,5
족발/보쌈,0
족발/보쌈,5
족발/보쌈,0
족발/보쌈,5
족발/보쌈,4
족발/보쌈,4
족발/보쌈,6
족발/보쌈,6
족발/보쌈,5
족발/보쌈,1
족발/보쌈,1
족발/보쌈,6
족발/보쌈,3
족발/보쌈,0
족발/보쌈,4
족발/보쌈,3
족발/보쌈,1
족발/보쌈,5
족발/보쌈,1
족발/보쌈,1
족발/보쌈,2
족발/보쌈,2
족발/보쌈,1
족발/보쌈,4
족발/보쌈,3
족발/보쌈,2
족발/보쌈,4
족발/보쌈,5
족발/보쌈,1
족발/보쌈,5
족발/보쌈,6
족발/보쌈,4
족발/보쌈,3
족발/보쌈,3
족발/보쌈,1
족발/보쌈,5
족발/보쌈,0
족발/보쌈,4
족발/보쌈,4
족발/보쌈,1
족발/보쌈,1
족발/보쌈,5
족발/보쌈,3
족발/보쌈,3
족발/보쌈,3
족발/보쌈,3
족발/보쌈,6
족발/보쌈,3
족발/보쌈,4
족발/보쌈,6
족발/보쌈,0
족발/보쌈,1
족발/보쌈,3
족발/보쌈,4
족발/보쌈,6
족발/보쌈,6
족발/보쌈,3
족발/보쌈,4
족발/보쌈,5
족발/보쌈,6
족발/보쌈,3
족발/보쌈,3
족발/보쌈,6
족발/보쌈,0
족발/보쌈,5
족발/보쌈,1
족발/보쌈,6
족발/보쌈,1
족발/보쌈,3
족발/보쌈,0
족발/보쌈,1
족발/보쌈,5
족발/보쌈,1
족발/보쌈,0
족발/보쌈,2
족발/보쌈,4
족발/보쌈,5
족발/보쌈,4
족발/보쌈,6
족발/보쌈,3
족발/보쌈,0
족발/보쌈,2
족발/보쌈,2
족발/보쌈,2
족발/보쌈,1
족발/보쌈,3
족발/보쌈,5
족발/보쌈,0
족발/보쌈,5
족발/보쌈,4
족발/보쌈,3
족발/보쌈,1
족발/보쌈,5
족발/보쌈,1
족발/보쌈,5
족발/보쌈,3
족발/보쌈,0
족발/보쌈,3
족발/보쌈,6
족발/보쌈,6
족발/보쌈,2
족발/보쌈,6
족발/보쌈,1
족발/보쌈,4
족발/보쌈,5
족발/보쌈,2
족발/보쌈,6
족발/보쌈,5
족발/보쌈,5
족발/보쌈,5
족발/보쌈,1
족발/보쌈,4
족발/보쌈,3
족발/보쌈,1
족발/보쌈,3
족발/보쌈,1
족발/보쌈,3
족발/보쌈,0
족발/보쌈,5
족발/보쌈,0
족발/보쌈,6
족발/보쌈,0
족발/보쌈,5
족발/보쌈,4
족발/보쌈,2
족발/보쌈,0
족발/보쌈,5
족발/보쌈,5
족발/보쌈,3
족발/보쌈,6
족발/보쌈,2
족발/보쌈,1
족발/보쌈,5
족발/보쌈,5
족발/보쌈,3
족발/보쌈,2
족발/보쌈,0
족발/보쌈,3
족발/보쌈,3
족발/보쌈,2
족발/보쌈,6
족발/보쌈,6
족발/보쌈,0
족발/보쌈,5
족발/보쌈,6
족발/보쌈,6
족발/보쌈,6
족발/보쌈,4
족발/보쌈,3
족발/보쌈,6
족발/보쌈,3
족발/보쌈,0
족발/보쌈,6
족발/보쌈,0
족발/보쌈,4
족발/보쌈,6
족발/보쌈,6
족발/보쌈,3
족발/보쌈,6
족발/보쌈,5
족발/보쌈,6
족발/보쌈,6
족발/보쌈,5
족발/보쌈,6
족발/보쌈,5
족발/보쌈,5
족발/보쌈,6
족발/보쌈,1
족발/보쌈,4
족발/보쌈,0
족발/보쌈,1
족발/보쌈,5
족발/보쌈,6
족발/보쌈,2
족발/보쌈,0
족발/보쌈,5
족발/보쌈,4
족발/보쌈,5
족발/보쌈,3
족발/보쌈,3
족발/보쌈,0
족발/보쌈,3
족발/보쌈,0
족발/보쌈,4
족발/보쌈,2
족발/보쌈,4
족발/보쌈,6
족발/보쌈,5
족발/보쌈,6
족발/보쌈,6
족발/보쌈,6
족발/보쌈,2
족발/보쌈,1
족발/보쌈,6
족발/보쌈,4
족발/보쌈,3
족발/보쌈,0
족발/보쌈,6
족발/보쌈,4
족발/보쌈,2
족발/보쌈,5
족발/보쌈,3
족발/보쌈,1
족발/보쌈,6
족발/보쌈,6
족발/보쌈,6
족발/보쌈,6
족발/보쌈,5
족발/보쌈,5
족발/보쌈,4
족발/보쌈,4
족발/보쌈,1
족발/보쌈,1
족발/보쌈,6
족발/보쌈,4
족발/보쌈,1
족발/보쌈,0
족발/보쌈,6
족발/보쌈,6
족발/보쌈,6
족발/보쌈,3
족발/보쌈,4
족발/보쌈,3
족발/보쌈,2
족발/보쌈,1
족발/보쌈,1
족발/보쌈,0
족발/보쌈,5
족발/보쌈,4
족발/보쌈,1
족발/보쌈,4
족발/보쌈,0
족발/보쌈,2
족발/보쌈,6
족발/보쌈,6
족발/보쌈,6
족발/보쌈,2
족발/보쌈,1
족발/보쌈,2
족발/보쌈,3
족발/보쌈,2
족발/보쌈,2
족발/보쌈,4
족발/보쌈,4
족발/보쌈,2
족발/보쌈,2
족발/보쌈,0
족발/보쌈,5
족발/보쌈,5
족발/보쌈,5
족발/보쌈,5
족발/보쌈,4
족발/보쌈,1
족발/보쌈,1
족발/보쌈,2
족발/보쌈,6
족발/보쌈,3
족발/보쌈,4
족발/보쌈,2
족발/보쌈,1
족발/보쌈,5
족발/보쌈,4
족발/보쌈,1
족발/보쌈,0
족발/보쌈,6
족발/보쌈,3
족발/보쌈,2
족발/보쌈,2
족발/보쌈,4
족발/보쌈,2
족발/보쌈,3
족발/보쌈,3
족발/보쌈,5
족발/보쌈,6
족발/보쌈,1
족발/보쌈,0
족발/보쌈,2
족발/보쌈,3
족발/보쌈,0
족발/보쌈,6
족발/보쌈,6
족발/보쌈,4
족발/보쌈,4
족발/보쌈,6
족발/보쌈,3
족발/보쌈,6
족발/보쌈,1
족발/보쌈,5
족발/보쌈,4
일식/돈까스,2
일식/돈까스,5
일식/돈까스,6
일식/돈까스,5
일식/돈까스,2
일식/돈까스,6
일식/돈까스,4
일식/돈까스,4
일식/돈까스,0
일식/돈까스,1
일식/돈까스,1
일식/돈까스,2
일식/돈까스,4
일식/돈까스,5
일식/돈까스,1
일식/돈까스,4
일식/돈까스,5
일식/돈까스,1
일식/돈까스,6
일식/돈까스,5
일식/돈까스,1
일식/돈까스,1
일식/돈까스,6
일식/돈까스,6
일식/돈까스,3
일식/돈까스,1
일식/돈까스,3
일식/돈까스,5
일식/돈까스,4
일식/돈까스,5
일식/돈까스,3
일식/돈까스,6
일식/돈까스,0
일식/돈까스,6
일식/돈까스,1
일식/돈까스,2
일식/돈까스,0
일식/돈까스,3
일식/돈까스,3
일식/돈까스,6
일식/돈까스,4
일식/돈까스,6
일식/돈까스,6
일식/돈까스,2
일식/돈까스,1
일식/돈까스,2
일식/돈까스,6
일식/돈까스,1
일식/돈까스,2
일식/돈까스,4
일식/돈까스,5
일식/돈까스,1
일식/돈까스,6
일식/돈까스,1
일식/돈까스,3
일식/돈까스,5
일식/돈까스,0
일식/돈까스,4
일식/돈까스,3
일식/돈까스,6
일식/돈까스,5
일식/돈까스,6
일식/돈까스,4
일식/돈까스,0
일식/돈까스,3
일식/돈까스,4
일식/돈까스,3
일식/돈까스,3
일식/돈까스,1
일식/돈까스,1
일식/돈까스,5
일식/돈까스,6
일식/돈까스,1
일식/돈까스,0
일식/돈까스,4
일식/돈까스,1
일식/돈까스,4
일식/돈까스,1
일식/돈까스,6
일식/돈까스,5
일식/돈까스,2
일식/돈까스,4
일식/돈까스,6
일식/돈까스,4
일식/돈까스,3
일식/돈까스,4
일식/돈까스,6
일식/돈까스,6
일식/돈까스,4
일식/돈까스,4
일식/돈까스,0
일식/돈까스,2
일식/돈까스,6
일식/돈까스,6
일식/돈까스,4
일식/돈까스,6
일식/돈까스,6
일식/돈까스,5
일식/돈까스,3
일식/돈까스,3
일식/돈까스,6
일식/돈까스,5
일식/돈까스,6
일식/돈까스,2
일식/돈까스,6
일식/돈까스,0
일식/돈까스,0
일식/돈까스,6
일식/돈까스,2
일식/돈까스,0
일식/돈까스,0
일식/돈까스,1
일식/돈까스,2
일식/돈까스,6
일식/돈까스,6
일식/돈까스,0
일식/돈까스,2
일식/돈까스,5
일식/돈까스,3
일식/돈까스,6
일식/돈까스,1
일식/돈까스,3
일식/돈까스,1
일식/돈까스,4
일식/돈까스,4
일식/돈까스,5
일식/돈까스,2
일식/돈까스,5
일식/돈까스,4
일식/돈까스,4
일식/돈까스,2
일식/돈까스,6
일식/돈까스,6
일식/돈까스,1
일식/돈까스,1
일식/돈까스,2
일식/돈까스,3
일식/돈까스,5
일식/돈까스,6
일식/돈까스,4
일식/돈까스,5
일식/돈까스,2
일식/돈까스,3
일식/돈까스,6
일식/돈까스,3
일식/돈까스,3
일식/돈까스,1
일식/돈까스,1
일식/돈까스,2
일식/돈까스,5
일식/돈까스,4
일식/돈까스,6
일식/돈까스,0
일식/돈까스,6
일식/돈까스,4
일식/돈까스,3
일식/돈까스,4
일식/돈까스,0
일식/돈까스,0
일식/돈까스,1
일식/돈까스,3
일식/돈까스,4
일식/돈까스,2
일식/돈까스,1
일식/돈까스,1
일식/돈까스,4
일식/돈까스,2
일식/돈까스,6
일식/돈까스,2
일식/돈까스,6
일식/돈까스,4
일식/돈까스,3
일식/돈까스,6
일식/돈까스,4
일식/돈까스,5
일식/돈까스,1
일식/돈까스,3
일식/돈까스,4
일식/돈까스,0
일식/돈까스,2
일식/돈까스,3
야식,6
야식,0
야식,5
야식,6
야식,2
야식,6
야식,5
야식,2
야식,4
야식,4
야식,2
야식,2
야식,5
야식,0
야식,4
야식,0
야식,6
야식,5
야식,4
야식,6
야식,4
야식,5
야식,5
야식,5
야식,4
야식,6
야식,5
야식,2
야식,5
야식,0
야식,6
야식,1
야식,1
야식,2
야식,1
야식,2
야식,2
야식,3
야식,2
야식,5
야식,4
야식,5
야식,1
야식,2
야식,3
야식,6
야식,4
야식,0
야식,2
야식,4
야식,6
야식,5
야식,0
야식,3
야식,0
야식,0
야식,1
야식,1
야식,0
야식,3
야식,3
야식,6
야식,5
야식,5
야식,1
야식,0
야식,3
야식,3
야식,2
야식,0
야식,6
야식,1
야식,6
야식,5
야식,5
야식,6
야식,1
야식,2
야식,1
야식,6
야식,4
야식,5
야식,6
야식,3
야식,6
야식,6
야식,1
야식,0
야식,1
야식,4
야식,0
야식,6
야식,5
야식,2
야식,6
야식,6
야식,3
야식,3
야식,0
야식,3
야식,4
야식,5
야식,6
야식,5
야식,1
야식,0
야식,2
야식,2
야식,6
야식,6
야식,1
야식,1
야식,5
야식,5
야식,0
야식,1
야식,2
야식,1
야식,3
야식,6
야식,4
야식,5
야식,5
야식,6
야식,5
야식,4
야식,6
야식,4
야식,6
야식,2
야식,1
야식,4
야식,1
야식,2
야식,1
야식,0
야식,6
야식,4
야식,6
야식,0
야식,6
야식,6
야식,2
야식,2
야식,6
야식,6
야식,2
야식,6
야식,2
야식,4
야식,6
야식,2
야식,6
야식,6
야식,6
야식,5
야식,6
야식,4
야식,0
야식,1
야식,1
야식,4
야식,4
야식,1
야식,1
야식,4
야식,6
야식,4
야식,3
야식,6
야식,0
야식,1
야식,3
야식,1
야식,4
야식,5
야식,4
야식,2
야식,1
야식,0
야식,0
야식,3
야식,5
야식,3
야식,6
야식,1
야식,1
야식,2
야식,6
야식,1
야식,6
야식,1
야식,5
야식,0
야식,0
야식,4
야식,5
야식,0
야식,6
야식,1
야식,5
야식,5
야식,5
야식,3
야식,5
야식,6
야식,6
야식,4
야식,1
야식,1
야식,3
야식,0
야식,4
야식,5
야식,0
야식,5
야식,2
야식,2
야식,6
야식,0
야식,3
야식,2
야식,0
야식,2
야식,0
야식,0
야식,6
야식,2
야식,6
야식,6
야식,3
야식,2
야식,6
야식,3
야식,3
야식,5
야식,0
야식,5
야식,5
야식,5
야식,2
야식,0
야식,6
야식,5
야식,0
야식,5
야식,6
야식,3
야식,4
야식,5
야식,6
야식,1
야식,2
야식,5
야식,4
야식,3
야식,1
야식,3
야식,4
야식,6
야식,0
야식,6
야식,6
야식,0
야식,3
야식,3
야식,5
야식,5
야식,1
야식,6
야식,4
야식,5
야식,4
야식,5
야식,2
야식,0
야식,5
야식,6
야식,3
야식,1
야식,6
야식,3
야식,5
야식,2
야식,6
야식,1
야식,3
야식,6
야식,2
야식,4
야식,0
야식,3
야식,1
야식,0
야식,3
야식,0
야식,3
야식,5
야식,4
야식,5
야식,2
야식,1
야식,1
야식,6
야식,0
야식,1
야식,5
야식,5
야식,2
야식,1
야식,3
야식,6
야식,2
야식,1
야식,1
야식,4
야식,6
야식,5
야식,0
야식,5
야식,0
야식,5
야식,2
야식,6
야식,1
야식,1
야식,4
야식,3
야식,1
야식,4
야식,6
야식,6
야식,6
야식,0
야식,2
야식,6
야식,4
야식,3
야식,2
야식,6
야식,3
야식,4
야식,2
야식,6
야식,3
야식,6
야식,4
야식,3
야식,0
야식,5
야식,2
야식,5
야식,1
야식,0
야식,6
야식,2
야식,2
야식,6
야식,1
야식,0
야식,5
야식,2
야식,2
야식,6
야식,2
야식,4
야식,1
야식,6
야식,2
야식,2
야식,0
야식,5
야식,5
야식,5
야식,5
야식,1
야식,3
야식,0
야식,1
야식,3
야식,4
야식,3
야식,2
야식,6
야식,6
야식,5
야식,2
야식,1
야식,6
야식,2
야식,2
야식,6
야식,5
야식,1
야식,3
야식,6
야식,5
야식,3
야식,3
야식,0
야식,2
야식,3
야식,6
야식,5
야식,6
야식,2
야식,0
야식,2
야식,6
야식,3
야식,5
야식,1
야식,6
야식,5
야식,5
야식,1
야식,3
야식,0
야식,0
야식,6
야식,2
야식,4
야식,1
야식,2
야식,5
야식,2
야식,6
야식,3
야식,1
야식,6
야식,2
야식,3
야식,0
야식,3
야식,5
야식,6
야식,5
야식,3
야식,0
야식,0
야식,1
야식,6
야식,4
야식,4
야식,3
야식,1
야식,3
야식,1
야식,3
야식,5
야식,1
야식,0
야식,0
야식,0
야식,0
야식,1
야식,2
야식,5
야식,1
야식,3
야식,5
야식,2
야식,0
야식,1
야식,2
야식,0
야식,1
야식,5
야식,2
야식,2
야식,4
야식,3
야식,4
야식,5
야식,2
야식,2
야식,1
야식,4
야식,2
야식,3
야식,3
야식,1
야식,0
야식,6
야식,5
야식,1
야식,2
야식,3
야식,6
야식,1
야식,3
야식,3
야식,2
야식,3
야식,5
야식,2
야식,1
야식,6
야식,1
야식,0
야식,5
야식,2
야식,1
야식,5
야식,1
야식,4
야식,0
야식,6
야식,3
야식,5
야식,1
야식,3
야식,5
야식,2
야식,1
야식,5
야식,5
야식,5
야식,1
야식,6
야식,1
야식,0
야식,6
야식,6
야식,1
야식,0
야식,1
야식,5
야식,6
야식,6
야식,6
야식,5
야식,2
야식,5
야식,2
야식,6
야식,0
야식,3
야식,2
야식,5
야식,5
야식,3
야식,4
야식,5
야식,5
야식,0
야식,1
야식,6
야식,4
야식,1
야식,0
야식,0
야식,2
야식,6
야식,5
야식,1
야식,2
야식,6
야식,6
야식,6
야식,6
야식,5
야식,3
야식,4
야식,6
야식,6
야식,6
야식,5
야식,5
야식,4
야식,2
야식,1
야식,0
야식,5
야식,2
야식,1
야식,0
야식,0
야식,4
야식,3
야식,1
야식,0
야식,6
야식,6
야식,5
야식,1
야식,5
야식,2
야식,0
야식,5
야식,3
야식,6
야식,5
야식,1
야식,4
야식,4
야식,1
야식,6
야식,6
야식,1
야식,6
야식,2
야식,5
야식,1
야식,5
야식,3
야식,6
야식,5
야식,3
야식,2
야식,3
야식,1
야식,6
야식,4
야식,1
야식,3
야식,1
야식,5
야식,0
야식,1
야식,1
야식,2
야식,6
야식,2
야식,4
야식,6
야식,4
야식,1
야식,0
야식,2
야식,2
야식,4
야식,2
야식,6
야식,3
야식,2
야식,2
야식,2
야식,2
야식,2
야식,0
야식,4
야식,6
야식,1
야식,2
야식,1
야식,5
야식,3
야식,5
야식,2
야식,4
야식,1
야식,0
야식,6
야식,6
야식,4
야식,6
야식,6
야식,2
야식,6
야식,0
야식,3
야식,5
야식,2
야식,4
야식,0
야식,6
야식,3
야식,1
야식,5
야식,0
야식,0
야식,6
야식,4
야식,2
야식,2
야식,0
야식,2
야식,4
야식,0
야식,5
야식,0
야식,1
야식,1
야식,0
야식,2
야식,2
야식,2
야식,4
야식,1
야식,4
야식,6
야식,4
야식,6
야식,2
야식,5
야식,5
야식,6
야식,6
야식,5
야식,3
야식,1
야식,1
야식,1
야식,5
야식,6
야식,2
야식,3
야식,0
야식,6
야식,1
야식,6
야식,2
야식,1
야식,2
야식,5
야식,5
야식,5
야식,4
야식,5
야식,2
야식,5
야식,0
야식,6
야식,0
야식,0
야식,4
야식,1
야식,5
야식,0
야식,1
야식,3
야식,1
야식,5
야식,4
야식,6
야식,5
야식,1
야식,3
야식,5
야식,0
야식,1
야식,4
야식,3
야식,0
야식,3
야식,2
야식,3
야식,5
야식,2
야식,0
야식,5
야식,3
야식,1
야식,5
야식,1
야식,6
야식,0
야식,2
야식,3
야식,0
야식,6
야식,1
야식,5
야식,0
야식,6
야식,6
야식,2
야식,5
야식,6
야식,1
야식,6
야식,5
야식,2
야식,5
야식,4
야식,3
야식,0
야식,4
야식,0
야식,3
야식,2
야식,1
야식,4
야식,6
야식,2
야식,2
야식,4
야식,5
야식,5
야식,3
야식,2
야식,1
야식,6
야식,6
야식,6
야식,5
야식,5
야식,5
야식,2
야식,5
야식,5
야식,4
야식,6
야식,0
야식,0
야식,5
야식,0
야식,4
야식,6
야식,1
야식,0
야식,3
야식,5
야식,2
야식,6
야식,2
야식,6
야식,6
야식,2
야식,1
야식,4
야식,0
야식,4
야식,1
야식,6
야식,2
야식,5
야식,2
야식,3
야식,6
야식,0
야식,2
야식,6
야식,5
야식,3
야식,3
야식,6
야식,2
야식,1
야식,3
야식,6
야식,5
야식,6
야식,0
야식,2
야식,1
야식,6
야식,3
야식,4
야식,3
야식,2
야식,1
야식,3
야식,6
야식,1
야식,4
야식,5
야식,0
야식,6
야식,6
야식,6
야식,4
야식,3
야식,4
야식,6
야식,0
야식,2
야식,3
야식,6
야식,5
야식,5
야식,4
야식,3
야식,5
야식,5
야식,3
야식,6
야식,4
야식,2
야식,2
야식,1
야식,2
야식,3
야식,3
야식,5
야식,1
야식,6
야식,2
야식,1
분식,5
분식,1
분식,6
분식,5
분식,1
분식,1
분식,6
분식,4
분식,3
분식,3
분식,6
분식,3
분식,6
분식,2
분식,6
분식,6
분식,6
분식,4
분식,6
분식,6
분식,4
분식,3
분식,2
분식,6
분식,6
분식,4
분식,0
분식,5
분식,5
분식,3
분식,3
분식,0
분식,3
분식,4
분식,6
분식,6
분식,3
분식,2
분식,3
분식,4
분식,2
분식,5
분식,3
분식,1
분식,5
분식,4
분식,5
분식,3
분식,1
분식,3
분식,6
분식,5
분식,5
분식,2
분식,3
분식,5
분식,1
분식,6
분식,0
분식,6
분식,2
분식,5
분식,5
분식,4
분식,2
분식,5
분식,6
분식,1
분식,0
분식,5
분식,6
분식,6
분식,3
분식,5
분식,4
분식,1
분식,1
분식,5
분식,4
분식,1
분식,3
분식,0
분식,4
분식,5
분식,1
분식,5
분식,2
분식,0
분식,1
분식,1
분식,2
분식,2
분식,1
분식,6
분식,5
분식,5
분식,0
분식,6
분식,6
분식,3
분식,3
분식,2
분식,1
분식,1
분식,6
분식,3
분식,1
분식,0
분식,5
분식,4
분식,0
분식,6
분식,6
분식,3
분식,0
분식,1
분식,2
분식,5
분식,1
분식,1
분식,5
분식,5
분식,5
분식,0
분식,1
분식,5
분식,4
분식,1
분식,5
분식,5
분식,2
분식,6
분식,2
분식,2
분식,5
분식,6
분식,6
분식,4
분식,5
분식,1
분식,5
분식,6
분식,1
분식,6
분식,4
분식,1
분식,2
분식,0
분식,2
분식,0
분식,1
분식,1
분식,6
분식,3
분식,1
분식,4
분식,3
분식,5
분식,6
분식,6
분식,2
분식,5
분식,2
분식,6
분식,0
분식,2
분식,0
분식,3
분식,5
분식,0
분식,2
분식,6
분식,2
분식,5
분식,1
분식,1
분식,0
분식,1
분식,2
분식,0
분식,2
분식,0
분식,2
분식,1
분식,1
분식,0
분식,5
분식,1
분식,2
분식,5
분식,4
분식,6
분식,1
분식,5
분식,5
분식,4
분식,2
분식,6
분식,6
분식,0
분식,0
분식,0
분식,6
분식,5
분식,6
분식,5
분식,3
분식,2
분식,1
분식,0
분식,0
분식,0
분식,6
분식,6
분식,5
분식,4
분식,1
분식,3
분식,1
분식,1
분식,6
분식,6
분식,0
분식,4
분식,2
분식,1
분식,6
분식,5
분식,2
분식,4
분식,4
분식,2
분식,2
분식,0
분식,6
분식,4
분식,5
분식,4
분식,4
분식,6
분식,4
분식,2
분식,1
분식,6
분식,5
분식,5
분식,4
분식,3
분식,0
분식,5
분식,3
분식,1
분식,6
분식,4
분식,0
분식,4
분식,1
분식,0
분식,0
분식,6
분식,4
분식,4
분식,4
분식,0
분식,4
분식,4
분식,2
분식,2
분식,5
분식,0
분식,5
분식,3
분식,0
분식,2
분식,4
분식,6
분식,2
분식,1
분식,6
분식,6
분식,6
분식,1
분식,6
분식,0
분식,4
분식,1
분식,2
분식,5
분식,3
분식,5
분식,0
분식,3
분식,6
분식,5
분식,2
분식,4
분식,1
분식,1
분식,6
분식,3
분식,0
분식,5
분식,3
분식,3
분식,5
분식,4
분식,2
분식,2
분식,0
분식,6
분식,0
분식,3
분식,4
분식,6
분식,2
분식,1
분식,0
분식,5
분식,2
분식,0
분식,5
분식,2
분식,6
분식,6
분식,2
분식,2
분식,5
분식,6
분식,0
분식,0
분식,5
분식,4
분식,5
분식,1
분식,5
분식,3
분식,4
분식,3
분식,6
분식,1
분식,3
분식,1
분식,5
분식,4
분식,2
분식,3
분식,4
분식,3
분식,6
분식,5
분식,5
분식,0
분식,2
분식,4
분식,1
분식,5
분식,0
분식,5
분식,5
분식,5
분식,6
분식,2
분식,2
분식,5
분식,0
분식,6
분식,3
분식,1
분식,0
분식,5
분식,5
분식,3
분식,6
분식,4
분식,1
분식,2
분식,0
분식,3
분식,3
분식,2
분식,4
분식,1
분식,6
분식,6
분식,4
분식,1
분식,2
분식,6
분식,6
분식,6
분식,1
분식,0
분식,3
분식,3
분식,0
분식,6
분식,6
분식,4
분식,6
분식,1
분식,4
분식,4
분식,4
분식,2
분식,3
분식,1
분식,1
분식,5
분식,6
분식,6
분식,6
분식,6
분식,3
분식,2
분식,3
분식,6
분식,6
분식,5
분식,4
분식,6
분식,0
분식,6
분식,3
분식,5
분식,5
분식,5
분식,2
분식,2
분식,4
분식,6
분식,1
분식,5
분식,6
분식,2
분식,0
분식,1
분식,5
분식,6
분식,0
분식,4
분식,3
분식,2
분식,3
분식,6
분식,1
분식,6
분식,3
분식,1
분식,3
분식,3
분식,2
분식,6
분식,4
분식,2
분식,5
분식,6
분식,4
분식,0
분식,6
분식,6
분식,2
분식,6
분식,1
분식,0
분식,4
분식,4
분식,1
분식,5
분식,3
분식,3
분식,1
분식,5
분식,1
분식,6
분식,2
분식,1
분식,0
분식,3
분식,1
분식,6
분식,6
분식,3
분식,4
분식,1
분식,5
분식,2
분식,3
분식,2
분식,5
분식,1
분식,6
분식,1
분식,5
분식,1
분식,3
분식,0
분식,1
분식,6
분식,6
분식,4
분식,0
분식,1
분식,6
분식,6
분식,4
분식,2
분식,3
분식,1
분식,5
분식,6
분식,6
분식,5
분식,1
분식,2
분식,3
분식,1
분식,1
분식,2
분식,0
분식,6
분식,6
분식,6
분식,0
분식,5
분식,5
분식,6
분식,3
분식,2
분식,4
분식,1
분식,4
분식,3
분식,4
분식,6
분식,6
분식,6
분식,0
분식,5
분식,6
분식,3
분식,0
분식,2
분식,5
분식,6
분식,5
분식,6
분식,0
분식,4
분식,1
분식,0
분식,3
분식,6
분식,3
분식,6
분식,5
분식,4
분식,1
분식,5
분식,5
분식,5
분식,0
분식,5
분식,2
분식,1
분식,2
분식,1
분식,2
분식,1
분식,3
분식,4
분식,6
분식,4
분식,6
분식,5
분식,6
분식,2
분식,6
분식,2
분식,6
분식,0
분식,0
분식,0
분식,2
분식,1
분식,4
분식,4
분식,1
분식,6
분식,6
분식,3
분식,6
분식,6
분식,1
분식,6
분식,1
분식,4
분식,5
분식,6
분식,3
분식,2
분식,6
분식,1
분식,4
분식,4
분식,0
분식,0
분식,6
분식,4
분식,1
분식,0
분식,0
분식,6
분식,6
분식,6
분식,6
분식,2
분식,3
분식,4
분식,3
분식,0
분식,5
분식,3
분식,6
분식,0
분식,2
분식,3
분식,0
분식,0
분식,1
분식,0
분식,4
분식,0
분식,5
분식,5
분식,3
분식,6
분식,6
분식,3
분식,3
분식,2
분식,1
분식,3
분식,2
분식,3
분식,0
분식,3
분식,1
분식,6
분식,6
분식,4
분식,0
분식,6
분식,3
분식,5
분식,6
분식,5
분식,1
분식,6
분식,6
분식,5
분식,0
분식,2
분식,0
분식,5
분식,1
분식,3
분식,0
분식,1
분식,6
분식,0
분식,3
분식,3
분식,0
분식,1
분식,3
분식,4
분식,5
분식,6
분식,2
분식,2
분식,3
분식,0
분식,6
분식,5
분식,4
분식,0
분식,5
분식,3
분식,3
분식,1
분식,1
분식,6
분식,2
분식,5
분식,5
분식,3
분식,0
분식,2
분식,6
분식,0
분식,0
분식,1
분식,2
분식,2
분식,4
분식,4
분식,4
분식,2
분식,2
분식,2
분식,6
분식,2
분식,5
분식,5
분식,6
분식,6
분식,2
분식,2
분식,6
분식,3
분식,1
분식,2
분식,0
분식,0
분식,0
분식,3
분식,0
분식,6
분식,2
분식,1
분식,3
분식,4
분식,2
분식,5
분식,2
분식,6
분식,6
분식,2
분식,0
분식,5
분식,5
분식,5
분식,4
분식,5
분식,0
분식,4
분식,6
분식,5
분식,3
분식,0
분식,5
분식,1
분식,6
분식,2
분식,0
분식,6
분식,6
분식,1
분식,0
분식,1
분식,0
분식,4
분식,1
분식,0
분식,1
분식,1
분식,5
분식,1
분식,6
분식,3
분식,0
분식,6
분식,5
분식,1
분식,6
분식,0
분식,5
분식,1
분식,1
분식,6
분식,3
분식,2
분식,5
분식,1
분식,6
분식,2
분식,4
분식,0
분식,4
분식,1
분식,4
분식,6
분식,5
분식,4
분식,0
분식,3
분식,2
분식,2
분식,3
분식,1
분식,5
분식,2
분식,5
분식,5
분식,2
분식,6
분식,6
분식,5
분식,5
분식,0
분식,5
분식,5
분식,1
분식,0
분식,5
분식,3
분식,5
분식,5
분식,5
분식,4
분식,3
분식,5
분식,0
분식,4
분식,1
분식,1
분식,2
분식,6
분식,5
분식,2
분식,0
분식,6
분식,5
분식,6
분식,6
분식,1
분식,5
분식,6
분식,0
분식,3
분식,0
분식,0
분식,5
분식,2
분식,4
분식,3
분식,0
분식,5
분식,3
분식,3
분식,2
분식,1
분식,1
분식,0
분식,4
분식,2
분식,3
분식,3
분식,3
분식,4
분식,0
분식,5
분식,2
분식,3
분식,3
분식,3
분식,6
분식,0
분식,5
분식,0
분식,1
분식,5
분식,5
분식,4
분식,0
분식,3
분식,5
분식,0
분식,1
분식,1
분식,6
분식,6
분식,4
분식,4
분식,6
분식,1
분식,4
분식,6
분식,1
분식,5
분식,5
분식,6
분식,6
분식,5
분식,6
분식,5
분식,2
분식,0
분식,2
분식,5
분식,1
분식,0
분식,3
분식,2
분식,4
분식,2
분식,0
분식,0
분식,2
분식,4
분식,5
분식,3
분식,0
분식,0
분식,1
분식,6
분식,5
분식,3
분식,3
분식,3
분식,1
분식,2
분식,3
분식,1
분식,2
분식,5
분식,5
분식,2
분식,4
분식,2
분식,6
분식,1
분식,6
분식,1
분식,5
분식,3
분식,4
분식,4
분식,6
분식,2
분식,1
분식,6
분식,2
분식,0
분식,6
분식,4
분식,2
분식,5
분식,2
분식,2
분식,1
분식,6
분식,5
분식,4
분식,6
분식,5
분식,1
분식,3
분식,0
분식,3
분식,6
분식,6
분식,3
분식,3
분식,3
분식,0
분식,6
분식,6
분식,6
분식,5
분식,4
분식,6
분식,6
분식,4
분식,2
분식,2
분식,6
분식,1
분식,0
분식,5
분식,5
분식,5
분식,1
분식,5
분식,1
분식,6
분식,4
분식,1
분식,0
분식,6
분식,1
분식,5
분식,4
분식,6
분식,0
분식,5
분식,3
분식,6
분식,6
분식,3
분식,4
분식,0
분식,3
분식,3
분식,6
분식,3
분식,1
분식,3
분식,3
분식,0
분식,0
분식,0
분식,2
분식,1
분식,1
분식,1
분식,6
분식,1
분식,1
분식,1
분식,0
분식,3
분식,3
분식,0
분식,5
분식,5
분식,2
분식,2
분식,4
분식,4
분식,5
분식,1
분식,2
분식,5
분식,5
분식,2
분식,4
분식,0
분식,5
분식,3
분식,0
분식,4
분식,2
분식,5
분식,0
분식,5
분식,6
분식,4
분식,1
분식,4
분식,0
분식,3
분식,6
분식,6
분식,4
분식,0
분식,0
분식,3
분식,6
분식,6
분식,2
분식,3
분식,5
분식,6
분식,6
분식,5
분식,3
분식,2
분식,0
분식,2
분식,0
분식,6
분식,6
분식,0
분식,5
분식,0
분식,3
분식,4
분식,2
분식,5
분식,1
분식,0
분식,4
분식,2
분식,0
분식,3
분식,4
분식,3
분식,1
분식,1
분식,2
분식,4
분식,5
분식,5
분식,5
분식,2
분식,6
분식,6
분식,6
분식,6
분식,6
분식,2
분식,6
분식,2
분식,2
분식,3
분식,6
분식,3
분식,6
분식,6
분식,3
분식,1
분식,4
분식,0
분식,2
분식,4
분식,1
분식,4
분식,5
분식,6
분식,6
분식,5
분식,3
분식,3
분식,5
분식,6
분식,1
분식,0
분식,6
분식,0
분식,2
분식,3
분식,0
분식,4
분식,2
분식,2
분식,5
분식,0
분식,5
분식,6
분식,2
분식,4
분식,6
분식,6
분식,2
분식,5
분식,2
분식,5
분식,1
분식,2
분식,2
분식,4
분식,4
분식,3
분식,1
분식,6
분식,5
분식,4
분식,1
분식,6
분식,0
분식,6
분식,2
분식,1
분식,2
분식,3
분식,0
분식,5
분식,4
분식,4
분식,6
분식,2
분식,4
분식,3
분식,1
분식,6
분식,1
분식,3
분식,5
분식,1
분식,1
분식,3
분식,0
분식,6
분식,6
분식,1
분식,4
분식,3
분식,3
분식,2
분식,2
분식,6
분식,2
분식,0
분식,5
분식,6
분식,4
분식,6
분식,2
분식,5
분식,0
분식,6
분식,3
분식,0
분식,3
분식,5
분식,2
분식,1
분식,5
분식,5
분식,2
분식,5
분식,5
분식,0
분식,6
분식,6
분식,3
분식,3
분식,5
분식,2
분식,2
분식,3
분식,3
분식,3
분식,6
분식,0
분식,4
분식,3
분식,2
분식,3
분식,6
분식,5
분식,1
분식,6
분식,0
분식,3
분식,3
분식,6
분식,4
분식,6
분식,5
분식,4
분식,6
분식,1
분식,0
분식,1
분식,0
분식,1
분식,4
분식,0
분식,1
분식,5
분식,6
분식,4
분식,5
분식,6
분식,3
분식,2
분식,5
분식,6
분식,1
분식,1
분식,5
분식,6
분식,6
분식,2
분식,6
분식,5
분식,1
분식,6
분식,2
분식,2
분식,2
분식,6
분식,5
분식,2
한식,1
한식,6
한식,5
한식,6
한식,3
한식,3
한식,0
한식,5
한식,2
한식,2
한식,1
한식,2
한식,5
한식,1
한식,2
한식,1
한식,4
한식,3
한식,0
한식,6
한식,1
한식,4
한식,1
한식,0
한식,2
한식,6
한식,6
한식,2
한식,5
한식,2
한식,6
한식,4
한식,3
한식,4
한식,3
한식,5
한식,3
한식,0
한식,4
한식,3
한식,1
한식,3
한식,1
한식,6
한식,5
한식,4
한식,1
한식,1
한식,2
한식,6
한식,1
한식,0
한식,4
한식,3
한식,6
한식,6
한식,5
한식,6
한식,4
한식,6
한식,4
한식,1
한식,4
한식,0
한식,0
한식,3
한식,6
한식,5
한식,1
한식,0
한식,4
한식,4
한식,5
한식,4
한식,2
한식,3
한식,5
한식,5
한식,6
한식,3
한식,1
한식,6
한식,4
한식,3
한식,0
한식,1
한식,1
한식,3
한식,3
한식,4
한식,0
한식,3
한식,2
한식,1
한식,4
한식,2
한식,3
한식,3
한식,1
한식,0
한식,3
한식,4
한식,3
한식,2
한식,5
한식,5
한식,4
한식,4
한식,1
한식,0
한식,6
한식,0
한식,2
한식,4
한식,2
한식,1
한식,0
한식,2
한식,0
한식,1
한식,4
한식,3
한식,4
한식,0
한식,0
한식,1
한식,1
한식,5
한식,0
한식,6
한식,5
한식,5
한식,4
한식,5
한식,5
한식,3
한식,0
한식,5
한식,3
한식,2
한식,1
한식,4
한식,6
한식,5
한식,5
한식,2
한식,6
한식,6
한식,0
한식,4
한식,3
한식,6
한식,5
한식,6
한식,6
한식,5
한식,5
한식,5
한식,3
한식,5
한식,3
한식,1
한식,0
한식,4
한식,4
한식,4
한식,1
한식,4
한식,4
한식,1
한식,3
한식,4
한식,3
한식,6
한식,4
한식,1
한식,6
한식,5
한식,6
한식,5
한식,5
한식,2
한식,2
한식,1
한식,0
한식,4
한식,2
한식,1
한식,6
한식,5
한식,0
한식,2
한식,2
한식,5
한식,0
한식,4
한식,5
한식,0
한식,1
한식,6
한식,3
한식,1
한식,5
한식,4
한식,4
한식,5
한식,5
한식,2
한식,1
한식,2
한식,2
한식,4
한식,6
한식,3
한식,1
한식,2
한식,4
한식,2
한식,5
한식,2
한식,6
한식,6
한식,4
한식,3
한식,6
한식,5
한식,5
한식,4
한식,2
한식,2
한식,6
한식,0
한식,4
한식,2
한식,1
한식,1
한식,1
한식,2
한식,3
한식,5
한식,1
한식,5
한식,3
한식,2
한식,1
한식,1
한식,4
한식,2
한식,2
한식,5
한식,5
한식,2
한식,5
한식,0
한식,3
한식,1
한식,6
한식,6
한식,6
한식,5
한식,2
한식,5
한식,5
한식,5
한식,3
한식,1
한식,6
한식,5
한식,5
한식,4
한식,2
한식,1
한식,1
한식,0
한식,0
한식,0
한식,0
한식,5
한식,5
한식,4
한식,4
한식,2
한식,1
한식,1
한식,6
한식,5
한식,4
한식,4
한식,2
한식,2
한식,2
한식,3
한식,1
한식,0
한식,6
한식,5
한식,4
한식,4
한식,4
한식,3
한식,3
한식,3
한식,2
한식,2
한식,1
한식,1
한식,6
한식,5
한식,4
한식,2
한식,2
한식,0
한식,3
한식,2
한식,1
한식,0
한식,6
한식,3
한식,2
한식,2
한식,1
한식,5
한식,1
한식,0
한식,5
한식,3
한식,2
한식,2
한식,2
한식,1
한식,0
한식,0
한식,5
한식,4
한식,4
한식,4
한식,0
한식,3
한식,0
한식,0
한식,5
한식,3
한식,2
한식,1
한식,1
한식,0
한식,0
한식,4
한식,4
한식,4
한식,3
한식,3
한식,2
한식,1
한식,1
한식,1
한식,0
한식,4
한식,4
한식,3
한식,3
한식,3
한식,2
한식,2
한식,2
한식,1
한식,1
한식,0
한식,6
한식,5
한식,5
한식,2
한식,1
한식,0
한식,6
한식,3
한식,2
한식,1
한식,1
한식,4
한식,4
한식,3
한식,2
한식,1
한식,1
한식,0
한식,6
한식,5
한식,5
한식,1
한식,1
한식,0
한식,3
한식,1
한식,0
한식,0
한식,4
한식,4
한식,0
한식,6
한식,6
한식,4
한식,1
한식,0
한식,6
한식,5
한식,5
한식,3
한식,2
한식,2
한식,1
한식,0
한식,6
한식,3
한식,3
한식,6
한식,5
한식,3
한식,2
한식,0
한식,5
한식,3
한식,0
한식,6
한식,5
한식,5
한식,4
한식,3
한식,1
한식,2
한식,2
한식,1
한식,4
한식,3
한식,3
한식,1
한식,3
한식,3
한식,1
한식,4
한식,0
한식,5
한식,4
한식,2
한식,2
한식,1
한식,1
한식,0
한식,6
한식,5
한식,6
한식,2
한식,2
한식,2
한식,6
한식,1
한식,5
한식,6
한식,3
한식,2
한식,5
한식,2
한식,6
한식,5
한식,0
한식,2
한식,0
한식,2
한식,3
한식,6
한식,3
한식,0
한식,6
한식,4
한식,3
한식,2
한식,1
한식,6
한식,0
한식,2
한식,1
한식,5
한식,1
한식,0
한식,0
한식,5
한식,5
한식,4
한식,5
한식,2
한식,4
한식,4
한식,2
한식,2
한식,2
한식,0
한식,6
한식,5
한식,0
한식,5
한식,5
한식,6
한식,2
한식,4
한식,2
한식,6
한식,2
한식,6
한식,2
한식,1
한식,6
한식,0
한식,5
한식,6
한식,5
한식,4
한식,3
한식,3
한식,2
한식,0
한식,4
한식,0
한식,0
한식,0
한식,3
한식,2
한식,2
한식,2
한식,1
한식,0
한식,6
한식,6
한식,4
한식,3
한식,1
한식,0
한식,5
한식,4
한식,4
한식,3
한식,2
한식,0
한식,0
한식,0
한식,6
한식,3
한식,5
한식,5
한식,4
한식,6
한식,4
한식,3
한식,0
한식,6
한식,6
한식,4
한식,2
한식,0
한식,6
한식,3
한식,6
한식,3
한식,3
한식,3
한식,2
한식,6
한식,5
한식,3
한식,2
한식,2
한식,0
한식,6
한식,2
한식,2
한식,6
한식,4
한식,3
한식,2
한식,2
한식,2
한식,1
한식,1
한식,6
한식,4
한식,2
한식,2
한식,0
한식,5
한식,4
한식,3
한식,2
한식,1
한식,0
한식,5
한식,5
한식,4
한식,4
한식,2
한식,0
한식,6
한식,6
한식,6
한식,5
한식,4
한식,6
한식,6
한식,2
한식,1
한식,4
한식,0
한식,0
한식,6
한식,6
한식,5
한식,3
한식,2
한식,5
한식,0
한식,0
한식,1
한식,1
한식,1
한식,1
한식,1
한식,1
한식,4
한식,5
한식,5
한식,5
한식,4
한식,4
한식,2
한식,1
한식,4
한식,4
한식,0
한식,0
한식,3
한식,5
한식,1
한식,0
한식,2
한식,2
한식,4
한식,3
한식,3
한식,1
한식,2
한식,2
한식,2
한식,3
한식,2
한식,2
한식,5
한식,2
한식,6
한식,1
한식,4
한식,1
한식,1
한식,6
한식,0
한식,5
한식,6
한식,4
한식,6
한식,2
한식,2
한식,6
한식,2
한식,2
한식,0
한식,4
한식,4
한식,6
한식,4
한식,5
한식,2
한식,1
한식,4
한식,2
한식,3
한식,2
한식,6
한식,2
한식,5
한식,4
한식,5
한식,5
한식,5
한식,4
한식,5
한식,1
한식,0
한식,2
한식,0
한식,4
한식,4
한식,0
한식,6
한식,3
한식,2
한식,0
한식,4
한식,2
한식,4
한식,0
한식,5
한식,5
한식,5
한식,4
한식,3
한식,4
한식,0
한식,0
한식,2
한식,5
한식,0
한식,1
한식,1
한식,3
한식,4
한식,1
한식,2
한식,2
한식,4
한식,5
한식,2
한식,2
한식,2
한식,0
한식,5
한식,2
한식,4
한식,4
한식,1
한식,2
한식,6
한식,1
한식,5
한식,5
한식,5
한식,4
한식,3
한식,4
한식,3
한식,2
한식,1
한식,5
한식,2
한식,2
한식,1
한식,5
한식,4
한식,4
한식,4
한식,4
한식,3
한식,2
한식,2
한식,1
한식,6
한식,6
한식,5
한식,2
한식,2
한식,5
한식,1
한식,1
한식,0
한식,4
한식,3
한식,0
한식,4
한식,1
한식,6
한식,5
한식,5
한식,0
한식,5
한식,1
한식,1
한식,6
한식,4
한식,2
한식,1
한식,5
한식,1
한식,0
한식,5
한식,2
한식,0
한식,6
한식,6
한식,3
한식,2
한식,2
한식,2
한식,0
한식,3
한식,2
한식,1
한식,4
한식,1
한식,5
한식,2
한식,4
한식,1
한식,1
한식,5
한식,4
한식,2
한식,4
한식,2
한식,3
한식,4
한식,3
한식,2
한식,1
한식,5
한식,4
한식,3
한식,1
한식,2
한식,3
한식,3
한식,1
한식,3
한식,2
한식,5
한식,6
한식,1
한식,4
한식,3
한식,5
한식,0
한식,4
한식,2
한식,5
한식,3
한식,0
한식,4
한식,1
한식,6
한식,6
한식,3
한식,5
한식,6
한식,3
한식,3
한식,4
한식,4
한식,5
한식,2
한식,1
한식,5
한식,5
한식,3
한식,4
한식,3
한식,2
한식,3
한식,4
한식,2
한식,2
한식,3
한식,3
한식,1
한식,1
한식,5
한식,2
한식,1
한식,4
한식,6
한식,1
한식,4
한식,0
한식,0
한식,5
한식,4
한식,1
한식,5
한식,3
한식,5
한식,2
한식,0
한식,3
한식,2
한식,1
한식,2
한식,4
한식,2
한식,4
한식,5
한식,5
한식,5
한식,6
한식,1
한식,3
한식,5
한식,1
한식,1
한식,0
한식,5
한식,5
한식,2
한식,3
한식,5
한식,5
한식,4
한식,6
한식,5
한식,5
한식,5
한식,5
한식,5
한식,6
한식,0
한식,1
한식,1
한식,1
한식,1
한식,3
한식,2
한식,2
한식,1
한식,5
한식,0
한식,3
한식,0
한식,5
한식,1
한식,1
한식,4
한식,6
한식,4
한식,1
한식,2
한식,4
한식,5
한식,5
한식,1
한식,4
한식,0
한식,3
한식,5
한식,3
한식,0
한식,6
한식,2
한식,5
한식,0
한식,4
한식,0
한식,2
한식,1
한식,5
한식,0
한식,0
한식,6
한식,6
한식,6
한식,6
한식,6
한식,5
한식,6
한식,6
한식,1
한식,0
한식,5
한식,3
한식,1
한식,6
한식,4
한식,4
한식,4
한식,4
한식,0
한식,1
한식,1
한식,4
한식,0
한식,0
한식,4
한식,5
한식,1
한식,1
한식,5
한식,3
한식,5
한식,5
한식,6
한식,5
한식,5
한식,0
한식,3
한식,4
한식,2
한식,5
한식,1
한식,4
한식,0
한식,1
한식,0
한식,0
한식,1
한식,3
한식,4
한식,6
한식,5
한식,1
한식,2
한식,3
한식,2
한식,4
한식,5
한식,1
한식,4
한식,4
한식,5
한식,4
한식,4
한식,5
한식,0
한식,3
한식,3
한식,2
한식,2
한식,1
한식,5
한식,2
한식,5
한식,4
한식,3
한식,5
한식,3
한식,3
한식,1
한식,4
한식,4
한식,3
한식,5
한식,5
한식,5
한식,5
한식,2
한식,6
한식,2
한식,6
한식,6
한식,2
한식,2
한식,0
한식,1
한식,3
한식,4
한식,1
한식,4
한식,2
한식,6
한식,2
한식,5
한식,3
한식,4
한식,3
한식,1
한식,6
한식,2
한식,5
한식,5
한식,1
한식,4
한식,5
한식,6
한식,6
한식,2
한식,1
한식,0
한식,6
한식,6
한식,4
한식,5
한식,3
한식,5
한식,0
한식,5
한식,2
한식,0
한식,5
한식,4
한식,1
한식,6
한식,2
한식,5
한식,6
한식,5
한식,1
한식,2
한식,2
한식,1
한식,4
한식,5
한식,1
한식,0
한식,5
한식,2
한식,0
한식,3
한식,4
한식,4
한식,4
한식,6
한식,6
한식,5
한식,1
한식,5
한식,4
한식,4
한식,1
한식,6
한식,6
한식,5
한식,4
한식,5
한식,1
한식,2
한식,0
한식,6
한식,4
한식,1
한식,5
한식,5
한식,5
한식,5
한식,1
한식,5
한식,6
한식,3
한식,5
한식,0
한식,3
한식,4
한식,6
한식,0
한식,5
한식,1
한식,1
한식,3
한식,2
한식,5
한식,0
한식,5
한식,6
한식,2
한식,3
한식,4
한식,3
한식,4
한식,0
한식,6
한식,3
한식,5
한식,4
한식,4
한식,2
한식,2
한식,1
한식,5
한식,1
한식,5
한식,4
한식,4
한식,3
한식,6
한식,1
한식,5
한식,4
한식,5
한식,1
한식,4
한식,6
한식,4
한식,2
한식,3
한식,3
한식,2
한식,1
한식,2
한식,2
한식,0
한식,2
한식,6
한식,5
한식,6
한식,3
한식,1
한식,1
한식,1
한식,6
한식,4
한식,0
한식,3
한식,6
한식,1
한식,3
한식,1
한식,1
한식,0
한식,4
한식,4
한식,2
한식,1
한식,4
한식,1
한식,6
한식,2
한식,4
한식,3
한식,2
한식,6
한식,1
한식,4
한식,5
한식,2
한식,2
한식,2
한식,2
한식,0
한식,2
한식,1
한식,2
한식,5
한식,5
한식,4
한식,2
한식,0
한식,5
한식,4
한식,5
한식,2
한식,1
한식,5
한식,2
한식,6
한식,4
한식,2
한식,3
한식,6
한식,6
한식,0
한식,3
한식,0
한식,2
한식,2
한식,4
한식,1
한식,1
한식,0
한식,3
한식,2
한식,0
한식,0
한식,0
한식,3
한식,3
한식,2
한식,5
한식,6
한식,4
한식,5
한식,0
한식,5
한식,3
한식,5
한식,1
한식,3
한식,0
한식,6
한식,6
한식,2
한식,6
한식,2
한식,3
한식,2
한식,4
한식,2
한식,5
한식,3
한식,3
한식,1
한식,0
한식,0
한식,1
한식,5
한식,1
한식,6
한식,4
한식,5
한식,0
한식,4
한식,3
한식,0
한식,3
한식,2
한식,0
한식,5
한식,1
한식,2
한식,3
한식,2
한식,2
한식,2
한식,1
한식,4
한식,4
한식,2
한식,5
한식,1
한식,3
한식,2
한식,6
한식,5
한식,1
한식,0
한식,6
한식,0
한식,1
한식,4
한식,4
한식,2
한식,3
한식,2
한식,1
한식,5
한식,3
한식,6
한식,3
한식,5
한식,6
한식,6
한식,1
한식,5
한식,3
한식,6
한식,2
한식,5
한식,6
한식,0
한식,5
한식,1
한식,0
한식,2
한식,1
한식,5
한식,4
한식,6
한식,6
한식,4
한식,3
한식,1
한식,0
한식,0
한식,6
한식,6
한식,4
한식,1
한식,3
한식,3
한식,2
한식,0
한식,0
한식,5
한식,3
한식,2
한식,2
한식,1
한식,4
한식,4
한식,3
한식,1
한식,4
한식,4
한식,3
한식,0
한식,6
한식,1
중식,6
중식,1
중식,3
중식,5
중식,2
중식,0
중식,6
중식,1
중식,6
중식,0
중식,2
중식,3
중식,3
중식,6
중식,4
중식,4
중식,3
중식,1
중식,6
중식,5
중식,6
중식,4
중식,2
중식,6
중식,1
중식,2
중식,5
중식,4
중식,3
중식,4
중식,1
중식,4
중식,5
중식,5
중식,0
중식,3
중식,2
중식,0
중식,2
중식,2
중식,4
중식,0
중식,5
중식,3
중식,6
중식,4
중식,4
중식,6
중식,3
중식,5
중식,0
중식,4
중식,2
중식,1
중식,6
중식,0
중식,2
중식,2
중식,6
중식,5
중식,3
중식,5
중식,0
중식,2
중식,6
중식,6
중식,5
중식,3
중식,5
중식,6
중식,0
중식,3
중식,2
중식,5
중식,5
중식,5
중식,1
중식,4
중식,5
중식,6
중식,6
중식,6
중식,0
중식,2
중식,5
중식,2
중식,0
중식,4
중식,1
중식,2
중식,6
중식,4
중식,3
중식,0
중식,6
중식,1
중식,3
중식,0
중식,2
중식,1
중식,2
중식,0
중식,6
중식,6
중식,5
중식,5
중식,6
중식,0
중식,0
중식,6
중식,6
중식,4
중식,2
중식,3
중식,0
중식,2
중식,6
중식,6
중식,6
중식,5
중식,6
중식,3
중식,3
중식,5
중식,2
중식,5
중식,6
중식,4
중식,3
중식,5
중식,2
중식,1
중식,0
중식,6
중식,3
중식,3
중식,6
중식,1
중식,6
중식,5
중식,2
중식,2
중식,2
중식,2
중식,2
중식,3
중식,3
중식,1
중식,3
중식,2
중식,0
중식,5
중식,2
중식,5
중식,1
중식,2
중식,5
중식,6
중식,6
중식,2
중식,6
중식,4
중식,4
중식,2
중식,6
중식,5
중식,3
중식,2
중식,5
중식,4
중식,0
중식,0
중식,1
중식,6
중식,1
중식,5
중식,1
중식,1
중식,4
중식,4
중식,2
중식,2
중식,5
중식,3
중식,6
중식,4
중식,6
중식,6
중식,1
중식,6
중식,1
중식,4
중식,0
중식,5
중식,4
중식,4
중식,4
중식,1
중식,4
중식,5
중식,6
중식,3
중식,2
중식,6
중식,5
중식,6
중식,2
중식,4
중식,4
중식,4
중식,4
중식,2
중식,0
중식,0
중식,5
중식,3
중식,3
중식,2
중식,4
중식,2
중식,2
중식,0
중식,1
중식,1
중식,1
중식,6
중식,3
중식,5
중식,3
중식,1
중식,3
중식,2
중식,0
중식,6
중식,1
중식,5
중식,5
중식,5
중식,5
중식,0
중식,6
중식,6
중식,5
중식,0
중식,1
중식,4
중식,2
중식,0
중식,1
중식,5
중식,5
중식,0
중식,4
중식,5
중식,4
중식,5
중식,0
중식,0
중식,4
중식,5
중식,6
중식,0
중식,5
중식,0
중식,3
중식,1
중식,1
중식,0
중식,1
중식,0
중식,1
중식,2
중식,0
중식,0
중식,2
중식,5
중식,2
중식,4
중식,4
중식,2
중식,1
중식,6
중식,4
중식,6
중식,3
중식,5
중식,1
중식,1
중식,3
중식,6
중식,2
중식,5
중식,6
중식,0
중식,1
중식,4
중식,3
중식,6
중식,6
중식,0
중식,4
중식,3
중식,5
중식,5
중식,4
중식,0
중식,6
중식,6
중식,2
중식,1
중식,1
중식,6
중식,2
중식,3
중식,5
중식,0
중식,2
중식,3
중식,3
중식,4
중식,3
중식,3
중식,6
중식,6
중식,3
중식,2
중식,1
중식,1
중식,3
중식,5
중식,4
중식,5
중식,4
중식,2
중식,6
중식,2
중식,0
중식,2
중식,2
중식,6
중식,2
중식,5
중식,2
중식,4
중식,0
중식,5
중식,6
중식,0
중식,3
중식,4
중식,4
중식,1
중식,2
중식,2
중식,4
중식,1
중식,5
중식,4
중식,6
중식,0
중식,1
중식,5
중식,1
중식,6
중식,6
중식,2
중식,4
중식,6
중식,4
중식,0
중식,5
중식,0
중식,6
중식,5
중식,1
중식,2
중식,3
중식,0
중식,1
중식,3
중식,6
중식,4
중식,2
중식,3
중식,3
중식,6
중식,3
중식,1
중식,6
중식,1
중식,5
중식,6
중식,2
중식,2
중식,6
중식,0
중식,6
중식,5
중식,0
중식,3
중식,5
중식,4
중식,3
중식,1
중식,1
중식,6
중식,1
중식,1
중식,6
중식,3
중식,3
중식,2
중식,3
중식,2
중식,4
중식,5
중식,2
중식,2
중식,0
중식,4
중식,6
중식,1
중식,2
중식,6
중식,4
중식,3
중식,1
중식,0
중식,0
중식,1
중식,0
중식,5
중식,2
중식,1
중식,2
중식,2
중식,1
중식,0
중식,6
중식,5
중식,2
중식,3
중식,4
중식,6
중식,2
중식,6
중식,1
중식,2
중식,5
중식,3
중식,4
중식,5
중식,0
